onset	duration	trial_type	value	sample
0.005	0	ojos cerrados	65	1
180.335	0	ojos abiertos	66	36067
197.935	0	ojos cerrados	65	39587
214.18	0	ojos abiertos	66	42836
231.175	0	ojos cerrados	65	46235
253.6	0	ojos abiertos	66	50720
276.16	0	ojos cerrados	65	55232
295.16	0	ojos abiertos	66	59032
311.405	0	ojos cerrados	65	62281
343.08	0	hiperventilacion 1	67	68616
407.785	0	hiperventilacion 2	68	81557
498.75	0	hiperventilacion 3	69	99750
549.465	0	hiperventilacion 4	74	109893
625.31	0	recuperacion	70	125062
744.765	0	fotoestimulacion	71	148953
747.345	0	photic stimulation	5	149469
748.345	0	photic stimulation	5	149669
749.345	0	photic stimulation	5	149869
750.345	0	photic stimulation	5	150069
751.345	0	photic stimulation	5	150269
752.345	0	photic stimulation	5	150469
753.345	0	photic stimulation	5	150669
754.345	0	photic stimulation	5	150869
755.345	0	photic stimulation	5	151069
756.345	0	photic stimulation	5	151269
761.675	0	photic stimulation	5	152335
762.01	0	photic stimulation	5	152402
762.345	0	photic stimulation	5	152469
762.675	0	photic stimulation	5	152535
763.01	0	photic stimulation	5	152602
763.345	0	photic stimulation	5	152669
763.675	0	photic stimulation	5	152735
764.01	0	photic stimulation	5	152802
764.345	0	photic stimulation	5	152869
764.675	0	photic stimulation	5	152935
765.01	0	photic stimulation	5	153002
765.345	0	photic stimulation	5	153069
765.675	0	photic stimulation	5	153135
766.01	0	photic stimulation	5	153202
766.345	0	photic stimulation	5	153269
766.675	0	photic stimulation	5	153335
767.01	0	photic stimulation	5	153402
767.345	0	photic stimulation	5	153469
767.675	0	photic stimulation	5	153535
768.01	0	photic stimulation	5	153602
768.345	0	photic stimulation	5	153669
768.675	0	photic stimulation	5	153735
769.01	0	photic stimulation	5	153802
769.345	0	photic stimulation	5	153869
769.675	0	photic stimulation	5	153935
770.01	0	photic stimulation	5	154002
770.345	0	photic stimulation	5	154069
770.675	0	photic stimulation	5	154135
771.01	0	photic stimulation	5	154202
771.345	0	photic stimulation	5	154269
776.545	0	photic stimulation	5	155309
776.745	0	photic stimulation	5	155349
776.945	0	photic stimulation	5	155389
777.145	0	photic stimulation	5	155429
777.345	0	photic stimulation	5	155469
777.545	0	photic stimulation	5	155509
777.745	0	photic stimulation	5	155549
777.945	0	photic stimulation	5	155589
778.145	0	photic stimulation	5	155629
778.345	0	photic stimulation	5	155669
778.545	0	photic stimulation	5	155709
778.745	0	photic stimulation	5	155749
778.945	0	photic stimulation	5	155789
779.145	0	photic stimulation	5	155829
779.345	0	photic stimulation	5	155869
779.545	0	photic stimulation	5	155909
779.745	0	photic stimulation	5	155949
779.945	0	photic stimulation	5	155989
780.145	0	photic stimulation	5	156029
780.345	0	photic stimulation	5	156069
780.545	0	photic stimulation	5	156109
780.745	0	photic stimulation	5	156149
780.945	0	photic stimulation	5	156189
781.145	0	photic stimulation	5	156229
781.345	0	photic stimulation	5	156269
781.545	0	photic stimulation	5	156309
781.745	0	photic stimulation	5	156349
781.945	0	photic stimulation	5	156389
782.145	0	photic stimulation	5	156429
782.345	0	photic stimulation	5	156469
782.545	0	photic stimulation	5	156509
782.745	0	photic stimulation	5	156549
782.945	0	photic stimulation	5	156589
783.145	0	photic stimulation	5	156629
783.345	0	photic stimulation	5	156669
783.545	0	photic stimulation	5	156709
783.745	0	photic stimulation	5	156749
783.945	0	photic stimulation	5	156789
784.145	0	photic stimulation	5	156829
784.345	0	photic stimulation	5	156869
784.545	0	photic stimulation	5	156909
784.745	0	photic stimulation	5	156949
784.945	0	photic stimulation	5	156989
785.145	0	photic stimulation	5	157029
785.345	0	photic stimulation	5	157069
785.545	0	photic stimulation	5	157109
785.745	0	photic stimulation	5	157149
785.945	0	photic stimulation	5	157189
786.145	0	photic stimulation	5	157229
786.345	0	photic stimulation	5	157269
791.485	0	photic stimulation	5	158297
791.63	0	photic stimulation	5	158326
791.77	0	photic stimulation	5	158354
791.915	0	photic stimulation	5	158383
792.055	0	photic stimulation	5	158411
792.2	0	photic stimulation	5	158440
792.345	0	photic stimulation	5	158469
792.485	0	photic stimulation	5	158497
792.63	0	photic stimulation	5	158526
792.77	0	photic stimulation	5	158554
792.915	0	photic stimulation	5	158583
793.055	0	photic stimulation	5	158611
793.2	0	photic stimulation	5	158640
793.34	0	photic stimulation	5	158668
793.485	0	photic stimulation	5	158697
793.63	0	photic stimulation	5	158726
793.77	0	photic stimulation	5	158754
793.915	0	photic stimulation	5	158783
794.055	0	photic stimulation	5	158811
794.2	0	photic stimulation	5	158840
794.34	0	photic stimulation	5	158868
794.485	0	photic stimulation	5	158897
794.625	0	photic stimulation	5	158925
794.77	0	photic stimulation	5	158954
794.915	0	photic stimulation	5	158983
795.055	0	photic stimulation	5	159011
795.2	0	photic stimulation	5	159040
795.34	0	photic stimulation	5	159068
795.485	0	photic stimulation	5	159097
795.625	0	photic stimulation	5	159125
795.77	0	photic stimulation	5	159154
795.91	0	photic stimulation	5	159182
796.055	0	photic stimulation	5	159211
796.2	0	photic stimulation	5	159240
796.34	0	photic stimulation	5	159268
796.485	0	photic stimulation	5	159297
796.625	0	photic stimulation	5	159325
796.77	0	photic stimulation	5	159354
796.91	0	photic stimulation	5	159382
797.055	0	photic stimulation	5	159411
797.195	0	photic stimulation	5	159439
797.34	0	photic stimulation	5	159468
797.485	0	photic stimulation	5	159497
797.625	0	photic stimulation	5	159525
797.77	0	photic stimulation	5	159554
797.91	0	photic stimulation	5	159582
798.055	0	photic stimulation	5	159611
798.195	0	photic stimulation	5	159639
798.34	0	photic stimulation	5	159668
798.48	0	photic stimulation	5	159696
798.625	0	photic stimulation	5	159725
798.77	0	photic stimulation	5	159754
798.91	0	photic stimulation	5	159782
799.055	0	photic stimulation	5	159811
799.195	0	photic stimulation	5	159839
799.34	0	photic stimulation	5	159868
799.48	0	photic stimulation	5	159896
799.625	0	photic stimulation	5	159925
799.765	0	photic stimulation	5	159953
799.91	0	photic stimulation	5	159982
800.055	0	photic stimulation	5	160011
800.195	0	photic stimulation	5	160039
800.34	0	photic stimulation	5	160068
800.48	0	photic stimulation	5	160096
800.625	0	photic stimulation	5	160125
800.765	0	photic stimulation	5	160153
800.91	0	photic stimulation	5	160182
801.05	0	photic stimulation	5	160210
801.195	0	photic stimulation	5	160239
801.34	0	photic stimulation	5	160268
801.345	0	photic stimulation	5	160269
806.47	0	photic stimulation	5	161294
806.595	0	photic stimulation	5	161319
806.72	0	photic stimulation	5	161344
806.845	0	photic stimulation	5	161369
806.97	0	photic stimulation	5	161394
807.095	0	photic stimulation	5	161419
807.22	0	photic stimulation	5	161444
807.345	0	photic stimulation	5	161469
807.47	0	photic stimulation	5	161494
807.595	0	photic stimulation	5	161519
807.72	0	photic stimulation	5	161544
807.845	0	photic stimulation	5	161569
807.97	0	photic stimulation	5	161594
808.095	0	photic stimulation	5	161619
808.22	0	photic stimulation	5	161644
808.345	0	photic stimulation	5	161669
808.47	0	photic stimulation	5	161694
808.595	0	photic stimulation	5	161719
808.72	0	photic stimulation	5	161744
808.845	0	photic stimulation	5	161769
808.97	0	photic stimulation	5	161794
809.095	0	photic stimulation	5	161819
809.22	0	photic stimulation	5	161844
809.345	0	photic stimulation	5	161869
809.47	0	photic stimulation	5	161894
809.595	0	photic stimulation	5	161919
809.72	0	photic stimulation	5	161944
809.845	0	photic stimulation	5	161969
809.97	0	photic stimulation	5	161994
810.095	0	photic stimulation	5	162019
810.22	0	photic stimulation	5	162044
810.345	0	photic stimulation	5	162069
810.47	0	photic stimulation	5	162094
810.595	0	photic stimulation	5	162119
810.72	0	photic stimulation	5	162144
810.845	0	photic stimulation	5	162169
810.97	0	photic stimulation	5	162194
811.095	0	photic stimulation	5	162219
811.22	0	photic stimulation	5	162244
811.345	0	photic stimulation	5	162269
811.47	0	photic stimulation	5	162294
811.595	0	photic stimulation	5	162319
811.72	0	photic stimulation	5	162344
811.845	0	photic stimulation	5	162369
811.97	0	photic stimulation	5	162394
812.095	0	photic stimulation	5	162419
812.22	0	photic stimulation	5	162444
812.345	0	photic stimulation	5	162469
812.47	0	photic stimulation	5	162494
812.595	0	photic stimulation	5	162519
812.72	0	photic stimulation	5	162544
812.845	0	photic stimulation	5	162569
812.97	0	photic stimulation	5	162594
813.095	0	photic stimulation	5	162619
813.22	0	photic stimulation	5	162644
813.345	0	photic stimulation	5	162669
813.47	0	photic stimulation	5	162694
813.595	0	photic stimulation	5	162719
813.72	0	photic stimulation	5	162744
813.845	0	photic stimulation	5	162769
813.97	0	photic stimulation	5	162794
814.095	0	photic stimulation	5	162819
814.22	0	photic stimulation	5	162844
814.345	0	photic stimulation	5	162869
814.47	0	photic stimulation	5	162894
814.595	0	photic stimulation	5	162919
814.72	0	photic stimulation	5	162944
814.845	0	photic stimulation	5	162969
814.97	0	photic stimulation	5	162994
815.095	0	photic stimulation	5	163019
815.22	0	photic stimulation	5	163044
815.345	0	photic stimulation	5	163069
815.47	0	photic stimulation	5	163094
815.595	0	photic stimulation	5	163119
815.72	0	photic stimulation	5	163144
815.845	0	photic stimulation	5	163169
815.97	0	photic stimulation	5	163194
816.095	0	photic stimulation	5	163219
816.22	0	photic stimulation	5	163244
816.345	0	photic stimulation	5	163269
821.455	0	photic stimulation	5	164291
821.565	0	photic stimulation	5	164313
821.675	0	photic stimulation	5	164335
821.79	0	photic stimulation	5	164358
821.9	0	photic stimulation	5	164380
822.01	0	photic stimulation	5	164402
822.12	0	photic stimulation	5	164424
822.23	0	photic stimulation	5	164446
822.345	0	photic stimulation	5	164469
822.455	0	photic stimulation	5	164491
822.565	0	photic stimulation	5	164513
822.675	0	photic stimulation	5	164535
822.79	0	photic stimulation	5	164558
822.9	0	photic stimulation	5	164580
823.01	0	photic stimulation	5	164602
823.12	0	photic stimulation	5	164624
823.23	0	photic stimulation	5	164646
823.345	0	photic stimulation	5	164669
823.455	0	photic stimulation	5	164691
823.565	0	photic stimulation	5	164713
823.675	0	photic stimulation	5	164735
823.79	0	photic stimulation	5	164758
823.9	0	photic stimulation	5	164780
824.01	0	photic stimulation	5	164802
824.12	0	photic stimulation	5	164824
824.23	0	photic stimulation	5	164846
824.345	0	photic stimulation	5	164869
824.455	0	photic stimulation	5	164891
824.565	0	photic stimulation	5	164913
824.675	0	photic stimulation	5	164935
824.79	0	photic stimulation	5	164958
824.9	0	photic stimulation	5	164980
825.01	0	photic stimulation	5	165002
825.12	0	photic stimulation	5	165024
825.23	0	photic stimulation	5	165046
825.345	0	photic stimulation	5	165069
825.455	0	photic stimulation	5	165091
825.565	0	photic stimulation	5	165113
825.675	0	photic stimulation	5	165135
825.79	0	photic stimulation	5	165158
825.9	0	photic stimulation	5	165180
826.01	0	photic stimulation	5	165202
826.12	0	photic stimulation	5	165224
826.23	0	photic stimulation	5	165246
826.345	0	photic stimulation	5	165269
826.455	0	photic stimulation	5	165291
826.565	0	photic stimulation	5	165313
826.675	0	photic stimulation	5	165335
826.79	0	photic stimulation	5	165358
826.9	0	photic stimulation	5	165380
827.01	0	photic stimulation	5	165402
827.12	0	photic stimulation	5	165424
827.23	0	photic stimulation	5	165446
827.345	0	photic stimulation	5	165469
827.455	0	photic stimulation	5	165491
827.565	0	photic stimulation	5	165513
827.675	0	photic stimulation	5	165535
827.79	0	photic stimulation	5	165558
827.9	0	photic stimulation	5	165580
828.01	0	photic stimulation	5	165602
828.12	0	photic stimulation	5	165624
828.23	0	photic stimulation	5	165646
828.345	0	photic stimulation	5	165669
828.455	0	photic stimulation	5	165691
828.565	0	photic stimulation	5	165713
828.675	0	photic stimulation	5	165735
828.79	0	photic stimulation	5	165758
828.9	0	photic stimulation	5	165780
829.01	0	photic stimulation	5	165802
829.12	0	photic stimulation	5	165824
829.23	0	photic stimulation	5	165846
829.345	0	photic stimulation	5	165869
829.455	0	photic stimulation	5	165891
829.565	0	photic stimulation	5	165913
829.675	0	photic stimulation	5	165935
829.79	0	photic stimulation	5	165958
829.9	0	photic stimulation	5	165980
830.01	0	photic stimulation	5	166002
830.12	0	photic stimulation	5	166024
830.23	0	photic stimulation	5	166046
830.345	0	photic stimulation	5	166069
830.455	0	photic stimulation	5	166091
830.565	0	photic stimulation	5	166113
830.675	0	photic stimulation	5	166135
830.79	0	photic stimulation	5	166158
830.9	0	photic stimulation	5	166180
831.01	0	photic stimulation	5	166202
831.12	0	photic stimulation	5	166224
831.23	0	photic stimulation	5	166246
831.345	0	photic stimulation	5	166269
836.445	0	photic stimulation	5	167289
836.545	0	photic stimulation	5	167309
836.645	0	photic stimulation	5	167329
836.745	0	photic stimulation	5	167349
836.845	0	photic stimulation	5	167369
836.945	0	photic stimulation	5	167389
837.045	0	photic stimulation	5	167409
837.145	0	photic stimulation	5	167429
837.245	0	photic stimulation	5	167449
837.345	0	photic stimulation	5	167469
837.445	0	photic stimulation	5	167489
837.545	0	photic stimulation	5	167509
837.645	0	photic stimulation	5	167529
837.745	0	photic stimulation	5	167549
837.845	0	photic stimulation	5	167569
837.945	0	photic stimulation	5	167589
838.045	0	photic stimulation	5	167609
838.145	0	photic stimulation	5	167629
838.245	0	photic stimulation	5	167649
838.345	0	photic stimulation	5	167669
838.445	0	photic stimulation	5	167689
838.545	0	photic stimulation	5	167709
838.645	0	photic stimulation	5	167729
838.745	0	photic stimulation	5	167749
838.845	0	photic stimulation	5	167769
838.945	0	photic stimulation	5	167789
839.045	0	photic stimulation	5	167809
839.145	0	photic stimulation	5	167829
839.245	0	photic stimulation	5	167849
839.345	0	photic stimulation	5	167869
839.445	0	photic stimulation	5	167889
839.545	0	photic stimulation	5	167909
839.645	0	photic stimulation	5	167929
839.745	0	photic stimulation	5	167949
839.845	0	photic stimulation	5	167969
839.945	0	photic stimulation	5	167989
840.045	0	photic stimulation	5	168009
840.145	0	photic stimulation	5	168029
840.245	0	photic stimulation	5	168049
840.345	0	photic stimulation	5	168069
840.445	0	photic stimulation	5	168089
840.545	0	photic stimulation	5	168109
840.645	0	photic stimulation	5	168129
840.745	0	photic stimulation	5	168149
840.845	0	photic stimulation	5	168169
840.945	0	photic stimulation	5	168189
841.045	0	photic stimulation	5	168209
841.145	0	photic stimulation	5	168229
841.245	0	photic stimulation	5	168249
841.345	0	photic stimulation	5	168269
841.445	0	photic stimulation	5	168289
841.545	0	photic stimulation	5	168309
841.645	0	photic stimulation	5	168329
841.745	0	photic stimulation	5	168349
841.845	0	photic stimulation	5	168369
841.945	0	photic stimulation	5	168389
842.045	0	photic stimulation	5	168409
842.145	0	photic stimulation	5	168429
842.245	0	photic stimulation	5	168449
842.345	0	photic stimulation	5	168469
842.445	0	photic stimulation	5	168489
842.545	0	photic stimulation	5	168509
842.645	0	photic stimulation	5	168529
842.745	0	photic stimulation	5	168549
842.845	0	photic stimulation	5	168569
842.945	0	photic stimulation	5	168589
843.045	0	photic stimulation	5	168609
843.145	0	photic stimulation	5	168629
843.245	0	photic stimulation	5	168649
843.345	0	photic stimulation	5	168669
843.445	0	photic stimulation	5	168689
843.545	0	photic stimulation	5	168709
843.645	0	photic stimulation	5	168729
843.745	0	photic stimulation	5	168749
843.845	0	photic stimulation	5	168769
843.945	0	photic stimulation	5	168789
844.045	0	photic stimulation	5	168809
844.145	0	photic stimulation	5	168829
844.245	0	photic stimulation	5	168849
844.345	0	photic stimulation	5	168869
844.445	0	photic stimulation	5	168889
844.545	0	photic stimulation	5	168909
844.645	0	photic stimulation	5	168929
844.745	0	photic stimulation	5	168949
844.845	0	photic stimulation	5	168969
844.945	0	photic stimulation	5	168989
845.045	0	photic stimulation	5	169009
845.145	0	photic stimulation	5	169029
845.245	0	photic stimulation	5	169049
845.345	0	photic stimulation	5	169069
845.445	0	photic stimulation	5	169089
845.545	0	photic stimulation	5	169109
845.645	0	photic stimulation	5	169129
845.745	0	photic stimulation	5	169149
845.845	0	photic stimulation	5	169169
845.945	0	photic stimulation	5	169189
846.045	0	photic stimulation	5	169209
846.145	0	photic stimulation	5	169229
846.245	0	photic stimulation	5	169249
846.345	0	photic stimulation	5	169269
851.435	0	photic stimulation	5	170287
851.525	0	photic stimulation	5	170305
851.615	0	photic stimulation	5	170323
851.705	0	photic stimulation	5	170341
851.795	0	photic stimulation	5	170359
851.89	0	photic stimulation	5	170378
851.98	0	photic stimulation	5	170396
852.07	0	photic stimulation	5	170414
852.16	0	photic stimulation	5	170432
852.25	0	photic stimulation	5	170450
852.34	0	photic stimulation	5	170468
852.435	0	photic stimulation	5	170487
852.525	0	photic stimulation	5	170505
852.615	0	photic stimulation	5	170523
852.705	0	photic stimulation	5	170541
852.795	0	photic stimulation	5	170559
852.885	0	photic stimulation	5	170577
852.98	0	photic stimulation	5	170596
853.07	0	photic stimulation	5	170614
853.16	0	photic stimulation	5	170632
853.25	0	photic stimulation	5	170650
853.34	0	photic stimulation	5	170668
853.43	0	photic stimulation	5	170686
853.525	0	photic stimulation	5	170705
853.615	0	photic stimulation	5	170723
853.705	0	photic stimulation	5	170741
853.795	0	photic stimulation	5	170759
853.885	0	photic stimulation	5	170777
853.975	0	photic stimulation	5	170795
854.07	0	photic stimulation	5	170814
854.16	0	photic stimulation	5	170832
854.25	0	photic stimulation	5	170850
854.34	0	photic stimulation	5	170868
854.43	0	photic stimulation	5	170886
854.52	0	photic stimulation	5	170904
854.615	0	photic stimulation	5	170923
854.705	0	photic stimulation	5	170941
854.795	0	photic stimulation	5	170959
854.885	0	photic stimulation	5	170977
854.975	0	photic stimulation	5	170995
855.065	0	photic stimulation	5	171013
855.16	0	photic stimulation	5	171032
855.25	0	photic stimulation	5	171050
855.34	0	photic stimulation	5	171068
855.43	0	photic stimulation	5	171086
855.52	0	photic stimulation	5	171104
855.61	0	photic stimulation	5	171122
855.705	0	photic stimulation	5	171141
855.795	0	photic stimulation	5	171159
855.885	0	photic stimulation	5	171177
855.975	0	photic stimulation	5	171195
856.065	0	photic stimulation	5	171213
856.155	0	photic stimulation	5	171231
856.25	0	photic stimulation	5	171250
856.34	0	photic stimulation	5	171268
856.43	0	photic stimulation	5	171286
856.52	0	photic stimulation	5	171304
856.61	0	photic stimulation	5	171322
856.7	0	photic stimulation	5	171340
856.795	0	photic stimulation	5	171359
856.885	0	photic stimulation	5	171377
856.975	0	photic stimulation	5	171395
857.065	0	photic stimulation	5	171413
857.155	0	photic stimulation	5	171431
857.245	0	photic stimulation	5	171449
857.34	0	photic stimulation	5	171468
857.43	0	photic stimulation	5	171486
857.52	0	photic stimulation	5	171504
857.61	0	photic stimulation	5	171522
857.7	0	photic stimulation	5	171540
857.79	0	photic stimulation	5	171558
857.885	0	photic stimulation	5	171577
857.975	0	photic stimulation	5	171595
858.065	0	photic stimulation	5	171613
858.155	0	photic stimulation	5	171631
858.245	0	photic stimulation	5	171649
858.335	0	photic stimulation	5	171667
858.43	0	photic stimulation	5	171686
858.52	0	photic stimulation	5	171704
858.61	0	photic stimulation	5	171722
858.7	0	photic stimulation	5	171740
858.79	0	photic stimulation	5	171758
858.88	0	photic stimulation	5	171776
858.975	0	photic stimulation	5	171795
859.065	0	photic stimulation	5	171813
859.155	0	photic stimulation	5	171831
859.245	0	photic stimulation	5	171849
859.335	0	photic stimulation	5	171867
859.425	0	photic stimulation	5	171885
859.52	0	photic stimulation	5	171904
859.61	0	photic stimulation	5	171922
859.7	0	photic stimulation	5	171940
859.79	0	photic stimulation	5	171958
859.88	0	photic stimulation	5	171976
859.97	0	photic stimulation	5	171994
860.065	0	photic stimulation	5	172013
860.155	0	photic stimulation	5	172031
860.245	0	photic stimulation	5	172049
860.335	0	photic stimulation	5	172067
860.425	0	photic stimulation	5	172085
860.515	0	photic stimulation	5	172103
860.61	0	photic stimulation	5	172122
860.7	0	photic stimulation	5	172140
860.79	0	photic stimulation	5	172158
860.88	0	photic stimulation	5	172176
860.97	0	photic stimulation	5	172194
861.06	0	photic stimulation	5	172212
861.155	0	photic stimulation	5	172231
861.245	0	photic stimulation	5	172249
861.335	0	photic stimulation	5	172267
861.345	0	photic stimulation	5	172269
866.425	0	photic stimulation	5	173285
866.51	0	photic stimulation	5	173302
866.595	0	photic stimulation	5	173319
866.675	0	photic stimulation	5	173335
866.76	0	photic stimulation	5	173352
866.845	0	photic stimulation	5	173369
866.925	0	photic stimulation	5	173385
867.01	0	photic stimulation	5	173402
867.095	0	photic stimulation	5	173419
867.175	0	photic stimulation	5	173435
867.26	0	photic stimulation	5	173452
867.345	0	photic stimulation	5	173469
867.425	0	photic stimulation	5	173485
867.51	0	photic stimulation	5	173502
867.595	0	photic stimulation	5	173519
867.675	0	photic stimulation	5	173535
867.76	0	photic stimulation	5	173552
867.845	0	photic stimulation	5	173569
867.925	0	photic stimulation	5	173585
868.01	0	photic stimulation	5	173602
868.095	0	photic stimulation	5	173619
868.175	0	photic stimulation	5	173635
868.26	0	photic stimulation	5	173652
868.345	0	photic stimulation	5	173669
868.425	0	photic stimulation	5	173685
868.51	0	photic stimulation	5	173702
868.595	0	photic stimulation	5	173719
868.675	0	photic stimulation	5	173735
868.76	0	photic stimulation	5	173752
868.845	0	photic stimulation	5	173769
868.925	0	photic stimulation	5	173785
869.01	0	photic stimulation	5	173802
869.095	0	photic stimulation	5	173819
869.175	0	photic stimulation	5	173835
869.26	0	photic stimulation	5	173852
869.345	0	photic stimulation	5	173869
869.425	0	photic stimulation	5	173885
869.51	0	photic stimulation	5	173902
869.595	0	photic stimulation	5	173919
869.675	0	photic stimulation	5	173935
869.76	0	photic stimulation	5	173952
869.845	0	photic stimulation	5	173969
869.925	0	photic stimulation	5	173985
870.01	0	photic stimulation	5	174002
870.095	0	photic stimulation	5	174019
870.175	0	photic stimulation	5	174035
870.26	0	photic stimulation	5	174052
870.345	0	photic stimulation	5	174069
870.425	0	photic stimulation	5	174085
870.51	0	photic stimulation	5	174102
870.595	0	photic stimulation	5	174119
870.675	0	photic stimulation	5	174135
870.76	0	photic stimulation	5	174152
870.845	0	photic stimulation	5	174169
870.925	0	photic stimulation	5	174185
871.01	0	photic stimulation	5	174202
871.095	0	photic stimulation	5	174219
871.175	0	photic stimulation	5	174235
871.26	0	photic stimulation	5	174252
871.345	0	photic stimulation	5	174269
871.425	0	photic stimulation	5	174285
871.51	0	photic stimulation	5	174302
871.595	0	photic stimulation	5	174319
871.675	0	photic stimulation	5	174335
871.76	0	photic stimulation	5	174352
871.845	0	photic stimulation	5	174369
871.925	0	photic stimulation	5	174385
872.01	0	photic stimulation	5	174402
872.095	0	photic stimulation	5	174419
872.175	0	photic stimulation	5	174435
872.26	0	photic stimulation	5	174452
872.345	0	photic stimulation	5	174469
872.425	0	photic stimulation	5	174485
872.51	0	photic stimulation	5	174502
872.595	0	photic stimulation	5	174519
872.675	0	photic stimulation	5	174535
872.76	0	photic stimulation	5	174552
872.845	0	photic stimulation	5	174569
872.925	0	photic stimulation	5	174585
873.01	0	photic stimulation	5	174602
873.095	0	photic stimulation	5	174619
873.175	0	photic stimulation	5	174635
873.26	0	photic stimulation	5	174652
873.345	0	photic stimulation	5	174669
873.425	0	photic stimulation	5	174685
873.51	0	photic stimulation	5	174702
873.595	0	photic stimulation	5	174719
873.675	0	photic stimulation	5	174735
873.76	0	photic stimulation	5	174752
873.845	0	photic stimulation	5	174769
873.925	0	photic stimulation	5	174785
874.01	0	photic stimulation	5	174802
874.095	0	photic stimulation	5	174819
874.175	0	photic stimulation	5	174835
874.26	0	photic stimulation	5	174852
874.345	0	photic stimulation	5	174869
874.425	0	photic stimulation	5	174885
874.51	0	photic stimulation	5	174902
874.595	0	photic stimulation	5	174919
874.675	0	photic stimulation	5	174935
874.76	0	photic stimulation	5	174952
874.845	0	photic stimulation	5	174969
874.925	0	photic stimulation	5	174985
875.01	0	photic stimulation	5	175002
875.095	0	photic stimulation	5	175019
875.175	0	photic stimulation	5	175035
875.26	0	photic stimulation	5	175052
875.345	0	photic stimulation	5	175069
875.425	0	photic stimulation	5	175085
875.51	0	photic stimulation	5	175102
875.595	0	photic stimulation	5	175119
875.675	0	photic stimulation	5	175135
875.76	0	photic stimulation	5	175152
875.845	0	photic stimulation	5	175169
875.925	0	photic stimulation	5	175185
876.01	0	photic stimulation	5	175202
876.095	0	photic stimulation	5	175219
876.175	0	photic stimulation	5	175235
876.26	0	photic stimulation	5	175252
876.345	0	photic stimulation	5	175269
881.42	0	photic stimulation	5	176284
881.495	0	photic stimulation	5	176299
881.575	0	photic stimulation	5	176315
881.65	0	photic stimulation	5	176330
881.73	0	photic stimulation	5	176346
881.805	0	photic stimulation	5	176361
881.88	0	photic stimulation	5	176376
881.96	0	photic stimulation	5	176392
882.035	0	photic stimulation	5	176407
882.115	0	photic stimulation	5	176423
882.19	0	photic stimulation	5	176438
882.265	0	photic stimulation	5	176453
882.345	0	photic stimulation	5	176469
882.42	0	photic stimulation	5	176484
882.495	0	photic stimulation	5	176499
882.575	0	photic stimulation	5	176515
882.65	0	photic stimulation	5	176530
882.73	0	photic stimulation	5	176546
882.805	0	photic stimulation	5	176561
882.88	0	photic stimulation	5	176576
882.96	0	photic stimulation	5	176592
883.035	0	photic stimulation	5	176607
883.115	0	photic stimulation	5	176623
883.19	0	photic stimulation	5	176638
883.265	0	photic stimulation	5	176653
883.345	0	photic stimulation	5	176669
883.42	0	photic stimulation	5	176684
883.5	0	photic stimulation	5	176700
883.575	0	photic stimulation	5	176715
883.65	0	photic stimulation	5	176730
883.73	0	photic stimulation	5	176746
883.805	0	photic stimulation	5	176761
883.88	0	photic stimulation	5	176776
883.96	0	photic stimulation	5	176792
884.035	0	photic stimulation	5	176807
884.115	0	photic stimulation	5	176823
884.19	0	photic stimulation	5	176838
884.265	0	photic stimulation	5	176853
884.345	0	photic stimulation	5	176869
884.42	0	photic stimulation	5	176884
884.5	0	photic stimulation	5	176900
884.575	0	photic stimulation	5	176915
884.65	0	photic stimulation	5	176930
884.73	0	photic stimulation	5	176946
884.805	0	photic stimulation	5	176961
884.885	0	photic stimulation	5	176977
884.96	0	photic stimulation	5	176992
885.035	0	photic stimulation	5	177007
885.115	0	photic stimulation	5	177023
885.19	0	photic stimulation	5	177038
885.265	0	photic stimulation	5	177053
885.345	0	photic stimulation	5	177069
885.42	0	photic stimulation	5	177084
885.5	0	photic stimulation	5	177100
885.575	0	photic stimulation	5	177115
885.65	0	photic stimulation	5	177130
885.73	0	photic stimulation	5	177146
885.805	0	photic stimulation	5	177161
885.885	0	photic stimulation	5	177177
885.96	0	photic stimulation	5	177192
886.035	0	photic stimulation	5	177207
886.115	0	photic stimulation	5	177223
886.19	0	photic stimulation	5	177238
886.27	0	photic stimulation	5	177254
886.345	0	photic stimulation	5	177269
886.42	0	photic stimulation	5	177284
886.5	0	photic stimulation	5	177300
886.575	0	photic stimulation	5	177315
886.65	0	photic stimulation	5	177330
886.73	0	photic stimulation	5	177346
886.805	0	photic stimulation	5	177361
886.885	0	photic stimulation	5	177377
886.96	0	photic stimulation	5	177392
887.035	0	photic stimulation	5	177407
887.115	0	photic stimulation	5	177423
887.19	0	photic stimulation	5	177438
887.27	0	photic stimulation	5	177454
887.345	0	photic stimulation	5	177469
887.42	0	photic stimulation	5	177484
887.5	0	photic stimulation	5	177500
887.575	0	photic stimulation	5	177515
887.655	0	photic stimulation	5	177531
887.73	0	photic stimulation	5	177546
887.805	0	photic stimulation	5	177561
887.885	0	photic stimulation	5	177577
887.96	0	photic stimulation	5	177592
888.035	0	photic stimulation	5	177607
888.115	0	photic stimulation	5	177623
888.19	0	photic stimulation	5	177638
888.27	0	photic stimulation	5	177654
888.345	0	photic stimulation	5	177669
888.42	0	photic stimulation	5	177684
888.5	0	photic stimulation	5	177700
888.575	0	photic stimulation	5	177715
888.655	0	photic stimulation	5	177731
888.73	0	photic stimulation	5	177746
888.805	0	photic stimulation	5	177761
888.885	0	photic stimulation	5	177777
888.96	0	photic stimulation	5	177792
889.04	0	photic stimulation	5	177808
889.115	0	photic stimulation	5	177823
889.19	0	photic stimulation	5	177838
889.27	0	photic stimulation	5	177854
889.345	0	photic stimulation	5	177869
889.42	0	photic stimulation	5	177884
889.5	0	photic stimulation	5	177900
889.575	0	photic stimulation	5	177915
889.655	0	photic stimulation	5	177931
889.73	0	photic stimulation	5	177946
889.805	0	photic stimulation	5	177961
889.885	0	photic stimulation	5	177977
889.96	0	photic stimulation	5	177992
890.04	0	photic stimulation	5	178008
890.115	0	photic stimulation	5	178023
890.19	0	photic stimulation	5	178038
890.27	0	photic stimulation	5	178054
890.345	0	photic stimulation	5	178069
890.425	0	photic stimulation	5	178085
890.5	0	photic stimulation	5	178100
890.575	0	photic stimulation	5	178115
890.655	0	photic stimulation	5	178131
890.73	0	photic stimulation	5	178146
890.805	0	photic stimulation	5	178161
890.885	0	photic stimulation	5	178177
890.96	0	photic stimulation	5	178192
891.04	0	photic stimulation	5	178208
891.115	0	photic stimulation	5	178223
891.19	0	photic stimulation	5	178238
891.27	0	photic stimulation	5	178254
891.345	0	photic stimulation	5	178269
896.415	0	photic stimulation	5	179283
896.485	0	photic stimulation	5	179297
896.555	0	photic stimulation	5	179311
896.63	0	photic stimulation	5	179326
896.7	0	photic stimulation	5	179340
896.77	0	photic stimulation	5	179354
896.845	0	photic stimulation	5	179369
896.915	0	photic stimulation	5	179383
896.985	0	photic stimulation	5	179397
897.055	0	photic stimulation	5	179411
897.13	0	photic stimulation	5	179426
897.2	0	photic stimulation	5	179440
897.27	0	photic stimulation	5	179454
897.345	0	photic stimulation	5	179469
897.415	0	photic stimulation	5	179483
897.485	0	photic stimulation	5	179497
897.555	0	photic stimulation	5	179511
897.63	0	photic stimulation	5	179526
897.7	0	photic stimulation	5	179540
897.77	0	photic stimulation	5	179554
897.84	0	photic stimulation	5	179568
897.915	0	photic stimulation	5	179583
897.985	0	photic stimulation	5	179597
898.055	0	photic stimulation	5	179611
898.13	0	photic stimulation	5	179626
898.2	0	photic stimulation	5	179640
898.27	0	photic stimulation	5	179654
898.34	0	photic stimulation	5	179668
898.415	0	photic stimulation	5	179683
898.485	0	photic stimulation	5	179697
898.555	0	photic stimulation	5	179711
898.63	0	photic stimulation	5	179726
898.7	0	photic stimulation	5	179740
898.77	0	photic stimulation	5	179754
898.84	0	photic stimulation	5	179768
898.915	0	photic stimulation	5	179783
898.985	0	photic stimulation	5	179797
899.055	0	photic stimulation	5	179811
899.125	0	photic stimulation	5	179825
899.2	0	photic stimulation	5	179840
899.27	0	photic stimulation	5	179854
899.34	0	photic stimulation	5	179868
899.415	0	photic stimulation	5	179883
899.485	0	photic stimulation	5	179897
899.555	0	photic stimulation	5	179911
899.625	0	photic stimulation	5	179925
899.7	0	photic stimulation	5	179940
899.77	0	photic stimulation	5	179954
899.84	0	photic stimulation	5	179968
899.915	0	photic stimulation	5	179983
899.985	0	photic stimulation	5	179997
900.055	0	photic stimulation	5	180011
900.125	0	photic stimulation	5	180025
900.2	0	photic stimulation	5	180040
900.27	0	photic stimulation	5	180054
900.34	0	photic stimulation	5	180068
900.41	0	photic stimulation	5	180082
900.485	0	photic stimulation	5	180097
900.555	0	photic stimulation	5	180111
900.625	0	photic stimulation	5	180125
900.7	0	photic stimulation	5	180140
900.77	0	photic stimulation	5	180154
900.84	0	photic stimulation	5	180168
900.91	0	photic stimulation	5	180182
900.985	0	photic stimulation	5	180197
901.055	0	photic stimulation	5	180211
901.125	0	photic stimulation	5	180225
901.2	0	photic stimulation	5	180240
901.27	0	photic stimulation	5	180254
901.34	0	photic stimulation	5	180268
901.41	0	photic stimulation	5	180282
901.485	0	photic stimulation	5	180297
901.555	0	photic stimulation	5	180311
901.625	0	photic stimulation	5	180325
901.695	0	photic stimulation	5	180339
901.77	0	photic stimulation	5	180354
901.84	0	photic stimulation	5	180368
901.91	0	photic stimulation	5	180382
901.985	0	photic stimulation	5	180397
902.055	0	photic stimulation	5	180411
902.125	0	photic stimulation	5	180425
902.195	0	photic stimulation	5	180439
902.27	0	photic stimulation	5	180454
902.34	0	photic stimulation	5	180468
902.41	0	photic stimulation	5	180482
902.485	0	photic stimulation	5	180497
902.555	0	photic stimulation	5	180511
902.625	0	photic stimulation	5	180525
902.695	0	photic stimulation	5	180539
902.77	0	photic stimulation	5	180554
902.84	0	photic stimulation	5	180568
902.91	0	photic stimulation	5	180582
902.98	0	photic stimulation	5	180596
903.055	0	photic stimulation	5	180611
903.125	0	photic stimulation	5	180625
903.195	0	photic stimulation	5	180639
903.27	0	photic stimulation	5	180654
903.34	0	photic stimulation	5	180668
903.41	0	photic stimulation	5	180682
903.48	0	photic stimulation	5	180696
903.555	0	photic stimulation	5	180711
903.625	0	photic stimulation	5	180725
903.695	0	photic stimulation	5	180739
903.77	0	photic stimulation	5	180754
903.84	0	photic stimulation	5	180768
903.91	0	photic stimulation	5	180782
903.98	0	photic stimulation	5	180796
904.055	0	photic stimulation	5	180811
904.125	0	photic stimulation	5	180825
904.195	0	photic stimulation	5	180839
904.265	0	photic stimulation	5	180853
904.34	0	photic stimulation	5	180868
904.41	0	photic stimulation	5	180882
904.48	0	photic stimulation	5	180896
904.555	0	photic stimulation	5	180911
904.625	0	photic stimulation	5	180925
904.695	0	photic stimulation	5	180939
904.765	0	photic stimulation	5	180953
904.84	0	photic stimulation	5	180968
904.91	0	photic stimulation	5	180982
904.98	0	photic stimulation	5	180996
905.055	0	photic stimulation	5	181011
905.125	0	photic stimulation	5	181025
905.195	0	photic stimulation	5	181039
905.265	0	photic stimulation	5	181053
905.34	0	photic stimulation	5	181068
905.41	0	photic stimulation	5	181082
905.48	0	photic stimulation	5	181096
905.55	0	photic stimulation	5	181110
905.625	0	photic stimulation	5	181125
905.695	0	photic stimulation	5	181139
905.765	0	photic stimulation	5	181153
905.84	0	photic stimulation	5	181168
905.91	0	photic stimulation	5	181182
905.98	0	photic stimulation	5	181196
906.05	0	photic stimulation	5	181210
906.125	0	photic stimulation	5	181225
906.195	0	photic stimulation	5	181239
906.265	0	photic stimulation	5	181253
906.34	0	photic stimulation	5	181268
906.345	0	photic stimulation	5	181269
911.41	0	photic stimulation	5	182282
911.475	0	photic stimulation	5	182295
911.545	0	photic stimulation	5	182309
911.61	0	photic stimulation	5	182322
911.675	0	photic stimulation	5	182335
911.745	0	photic stimulation	5	182349
911.81	0	photic stimulation	5	182362
911.875	0	photic stimulation	5	182375
911.945	0	photic stimulation	5	182389
912.01	0	photic stimulation	5	182402
912.075	0	photic stimulation	5	182415
912.145	0	photic stimulation	5	182429
912.21	0	photic stimulation	5	182442
912.275	0	photic stimulation	5	182455
912.345	0	photic stimulation	5	182469
912.41	0	photic stimulation	5	182482
912.475	0	photic stimulation	5	182495
912.545	0	photic stimulation	5	182509
912.61	0	photic stimulation	5	182522
912.675	0	photic stimulation	5	182535
912.745	0	photic stimulation	5	182549
912.81	0	photic stimulation	5	182562
912.875	0	photic stimulation	5	182575
912.945	0	photic stimulation	5	182589
913.01	0	photic stimulation	5	182602
913.075	0	photic stimulation	5	182615
913.145	0	photic stimulation	5	182629
913.21	0	photic stimulation	5	182642
913.275	0	photic stimulation	5	182655
913.345	0	photic stimulation	5	182669
913.41	0	photic stimulation	5	182682
913.475	0	photic stimulation	5	182695
913.545	0	photic stimulation	5	182709
913.61	0	photic stimulation	5	182722
913.675	0	photic stimulation	5	182735
913.745	0	photic stimulation	5	182749
913.81	0	photic stimulation	5	182762
913.875	0	photic stimulation	5	182775
913.945	0	photic stimulation	5	182789
914.01	0	photic stimulation	5	182802
914.075	0	photic stimulation	5	182815
914.145	0	photic stimulation	5	182829
914.21	0	photic stimulation	5	182842
914.275	0	photic stimulation	5	182855
914.345	0	photic stimulation	5	182869
914.41	0	photic stimulation	5	182882
914.475	0	photic stimulation	5	182895
914.545	0	photic stimulation	5	182909
914.61	0	photic stimulation	5	182922
914.675	0	photic stimulation	5	182935
914.745	0	photic stimulation	5	182949
914.81	0	photic stimulation	5	182962
914.875	0	photic stimulation	5	182975
914.945	0	photic stimulation	5	182989
915.01	0	photic stimulation	5	183002
915.075	0	photic stimulation	5	183015
915.145	0	photic stimulation	5	183029
915.21	0	photic stimulation	5	183042
915.275	0	photic stimulation	5	183055
915.345	0	photic stimulation	5	183069
915.41	0	photic stimulation	5	183082
915.475	0	photic stimulation	5	183095
915.545	0	photic stimulation	5	183109
915.61	0	photic stimulation	5	183122
915.675	0	photic stimulation	5	183135
915.745	0	photic stimulation	5	183149
915.81	0	photic stimulation	5	183162
915.875	0	photic stimulation	5	183175
915.945	0	photic stimulation	5	183189
916.01	0	photic stimulation	5	183202
916.075	0	photic stimulation	5	183215
916.145	0	photic stimulation	5	183229
916.21	0	photic stimulation	5	183242
916.275	0	photic stimulation	5	183255
916.345	0	photic stimulation	5	183269
916.41	0	photic stimulation	5	183282
916.475	0	photic stimulation	5	183295
916.545	0	photic stimulation	5	183309
916.61	0	photic stimulation	5	183322
916.675	0	photic stimulation	5	183335
916.745	0	photic stimulation	5	183349
916.81	0	photic stimulation	5	183362
916.875	0	photic stimulation	5	183375
916.945	0	photic stimulation	5	183389
917.01	0	photic stimulation	5	183402
917.075	0	photic stimulation	5	183415
917.145	0	photic stimulation	5	183429
917.21	0	photic stimulation	5	183442
917.275	0	photic stimulation	5	183455
917.345	0	photic stimulation	5	183469
917.41	0	photic stimulation	5	183482
917.475	0	photic stimulation	5	183495
917.545	0	photic stimulation	5	183509
917.61	0	photic stimulation	5	183522
917.675	0	photic stimulation	5	183535
917.745	0	photic stimulation	5	183549
917.81	0	photic stimulation	5	183562
917.875	0	photic stimulation	5	183575
917.945	0	photic stimulation	5	183589
918.01	0	photic stimulation	5	183602
918.075	0	photic stimulation	5	183615
918.145	0	photic stimulation	5	183629
918.21	0	photic stimulation	5	183642
918.275	0	photic stimulation	5	183655
918.345	0	photic stimulation	5	183669
918.41	0	photic stimulation	5	183682
918.475	0	photic stimulation	5	183695
918.545	0	photic stimulation	5	183709
918.61	0	photic stimulation	5	183722
918.675	0	photic stimulation	5	183735
918.745	0	photic stimulation	5	183749
918.81	0	photic stimulation	5	183762
918.875	0	photic stimulation	5	183775
918.945	0	photic stimulation	5	183789
919.01	0	photic stimulation	5	183802
919.075	0	photic stimulation	5	183815
919.145	0	photic stimulation	5	183829
919.21	0	photic stimulation	5	183842
919.275	0	photic stimulation	5	183855
919.345	0	photic stimulation	5	183869
919.41	0	photic stimulation	5	183882
919.475	0	photic stimulation	5	183895
919.545	0	photic stimulation	5	183909
919.61	0	photic stimulation	5	183922
919.675	0	photic stimulation	5	183935
919.745	0	photic stimulation	5	183949
919.81	0	photic stimulation	5	183962
919.875	0	photic stimulation	5	183975
919.945	0	photic stimulation	5	183989
920.01	0	photic stimulation	5	184002
920.075	0	photic stimulation	5	184015
920.145	0	photic stimulation	5	184029
920.21	0	photic stimulation	5	184042
920.275	0	photic stimulation	5	184055
920.345	0	photic stimulation	5	184069
920.41	0	photic stimulation	5	184082
920.475	0	photic stimulation	5	184095
920.545	0	photic stimulation	5	184109
920.61	0	photic stimulation	5	184122
920.675	0	photic stimulation	5	184135
920.745	0	photic stimulation	5	184149
920.81	0	photic stimulation	5	184162
920.875	0	photic stimulation	5	184175
920.945	0	photic stimulation	5	184189
921.01	0	photic stimulation	5	184202
921.075	0	photic stimulation	5	184215
921.145	0	photic stimulation	5	184229
921.21	0	photic stimulation	5	184242
921.275	0	photic stimulation	5	184255
921.345	0	photic stimulation	5	184269
926.4	0	photic stimulation	5	185280
926.46	0	photic stimulation	5	185292
926.52	0	photic stimulation	5	185304
926.58	0	photic stimulation	5	185316
926.64	0	photic stimulation	5	185328
926.695	0	photic stimulation	5	185339
926.755	0	photic stimulation	5	185351
926.815	0	photic stimulation	5	185363
926.875	0	photic stimulation	5	185375
926.93	0	photic stimulation	5	185386
926.99	0	photic stimulation	5	185398
927.05	0	photic stimulation	5	185410
927.11	0	photic stimulation	5	185422
927.17	0	photic stimulation	5	185434
927.225	0	photic stimulation	5	185445
927.285	0	photic stimulation	5	185457
927.345	0	photic stimulation	5	185469
927.405	0	photic stimulation	5	185481
927.46	0	photic stimulation	5	185492
927.52	0	photic stimulation	5	185504
927.58	0	photic stimulation	5	185516
927.64	0	photic stimulation	5	185528
927.7	0	photic stimulation	5	185540
927.755	0	photic stimulation	5	185551
927.815	0	photic stimulation	5	185563
927.875	0	photic stimulation	5	185575
927.935	0	photic stimulation	5	185587
927.99	0	photic stimulation	5	185598
928.05	0	photic stimulation	5	185610
928.11	0	photic stimulation	5	185622
928.17	0	photic stimulation	5	185634
928.23	0	photic stimulation	5	185646
928.285	0	photic stimulation	5	185657
928.345	0	photic stimulation	5	185669
928.405	0	photic stimulation	5	185681
928.465	0	photic stimulation	5	185693
928.52	0	photic stimulation	5	185704
928.58	0	photic stimulation	5	185716
928.64	0	photic stimulation	5	185728
928.7	0	photic stimulation	5	185740
928.76	0	photic stimulation	5	185752
928.815	0	photic stimulation	5	185763
928.875	0	photic stimulation	5	185775
928.935	0	photic stimulation	5	185787
928.995	0	photic stimulation	5	185799
929.05	0	photic stimulation	5	185810
929.11	0	photic stimulation	5	185822
929.17	0	photic stimulation	5	185834
929.23	0	photic stimulation	5	185846
929.29	0	photic stimulation	5	185858
929.345	0	photic stimulation	5	185869
929.405	0	photic stimulation	5	185881
929.465	0	photic stimulation	5	185893
929.525	0	photic stimulation	5	185905
929.58	0	photic stimulation	5	185916
929.64	0	photic stimulation	5	185928
929.7	0	photic stimulation	5	185940
929.76	0	photic stimulation	5	185952
929.82	0	photic stimulation	5	185964
929.875	0	photic stimulation	5	185975
929.935	0	photic stimulation	5	185987
929.995	0	photic stimulation	5	185999
930.055	0	photic stimulation	5	186011
930.11	0	photic stimulation	5	186022
930.17	0	photic stimulation	5	186034
930.23	0	photic stimulation	5	186046
930.29	0	photic stimulation	5	186058
930.35	0	photic stimulation	5	186070
930.405	0	photic stimulation	5	186081
930.465	0	photic stimulation	5	186093
930.525	0	photic stimulation	5	186105
930.585	0	photic stimulation	5	186117
930.64	0	photic stimulation	5	186128
930.7	0	photic stimulation	5	186140
930.76	0	photic stimulation	5	186152
930.82	0	photic stimulation	5	186164
930.88	0	photic stimulation	5	186176
930.935	0	photic stimulation	5	186187
930.995	0	photic stimulation	5	186199
931.055	0	photic stimulation	5	186211
931.115	0	photic stimulation	5	186223
931.17	0	photic stimulation	5	186234
931.23	0	photic stimulation	5	186246
931.29	0	photic stimulation	5	186258
931.35	0	photic stimulation	5	186270
931.41	0	photic stimulation	5	186282
931.465	0	photic stimulation	5	186293
931.525	0	photic stimulation	5	186305
931.585	0	photic stimulation	5	186317
931.645	0	photic stimulation	5	186329
931.7	0	photic stimulation	5	186340
931.76	0	photic stimulation	5	186352
931.82	0	photic stimulation	5	186364
931.88	0	photic stimulation	5	186376
931.94	0	photic stimulation	5	186388
931.995	0	photic stimulation	5	186399
932.055	0	photic stimulation	5	186411
932.115	0	photic stimulation	5	186423
932.175	0	photic stimulation	5	186435
932.23	0	photic stimulation	5	186446
932.29	0	photic stimulation	5	186458
932.35	0	photic stimulation	5	186470
932.41	0	photic stimulation	5	186482
932.47	0	photic stimulation	5	186494
932.525	0	photic stimulation	5	186505
932.585	0	photic stimulation	5	186517
932.645	0	photic stimulation	5	186529
932.705	0	photic stimulation	5	186541
932.76	0	photic stimulation	5	186552
932.82	0	photic stimulation	5	186564
932.88	0	photic stimulation	5	186576
932.94	0	photic stimulation	5	186588
933	0	photic stimulation	5	186600
933.055	0	photic stimulation	5	186611
933.115	0	photic stimulation	5	186623
933.175	0	photic stimulation	5	186635
933.235	0	photic stimulation	5	186647
933.29	0	photic stimulation	5	186658
933.35	0	photic stimulation	5	186670
933.41	0	photic stimulation	5	186682
933.47	0	photic stimulation	5	186694
933.53	0	photic stimulation	5	186706
933.585	0	photic stimulation	5	186717
933.645	0	photic stimulation	5	186729
933.705	0	photic stimulation	5	186741
933.765	0	photic stimulation	5	186753
933.82	0	photic stimulation	5	186764
933.88	0	photic stimulation	5	186776
933.94	0	photic stimulation	5	186788
934	0	photic stimulation	5	186800
934.06	0	photic stimulation	5	186812
934.115	0	photic stimulation	5	186823
934.175	0	photic stimulation	5	186835
934.235	0	photic stimulation	5	186847
934.295	0	photic stimulation	5	186859
934.35	0	photic stimulation	5	186870
934.41	0	photic stimulation	5	186882
934.47	0	photic stimulation	5	186894
934.53	0	photic stimulation	5	186906
934.59	0	photic stimulation	5	186918
934.645	0	photic stimulation	5	186929
934.705	0	photic stimulation	5	186941
934.765	0	photic stimulation	5	186953
934.825	0	photic stimulation	5	186965
934.88	0	photic stimulation	5	186976
934.94	0	photic stimulation	5	186988
935	0	photic stimulation	5	187000
935.06	0	photic stimulation	5	187012
935.12	0	photic stimulation	5	187024
935.175	0	photic stimulation	5	187035
935.235	0	photic stimulation	5	187047
935.295	0	photic stimulation	5	187059
935.355	0	photic stimulation	5	187071
935.41	0	photic stimulation	5	187082
935.47	0	photic stimulation	5	187094
935.53	0	photic stimulation	5	187106
935.59	0	photic stimulation	5	187118
935.65	0	photic stimulation	5	187130
935.705	0	photic stimulation	5	187141
935.765	0	photic stimulation	5	187153
935.825	0	photic stimulation	5	187165
935.885	0	photic stimulation	5	187177
935.94	0	photic stimulation	5	187188
936	0	photic stimulation	5	187200
936.06	0	photic stimulation	5	187212
936.12	0	photic stimulation	5	187224
936.18	0	photic stimulation	5	187236
936.235	0	photic stimulation	5	187247
936.295	0	photic stimulation	5	187259
936.345	0	photic stimulation	5	187269
941.395	0	photic stimulation	5	188279
941.45	0	photic stimulation	5	188290
941.5	0	photic stimulation	5	188300
941.555	0	photic stimulation	5	188311
941.605	0	photic stimulation	5	188321
941.66	0	photic stimulation	5	188332
941.71	0	photic stimulation	5	188342
941.765	0	photic stimulation	5	188353
941.815	0	photic stimulation	5	188363
941.87	0	photic stimulation	5	188374
941.92	0	photic stimulation	5	188384
941.975	0	photic stimulation	5	188395
942.025	0	photic stimulation	5	188405
942.08	0	photic stimulation	5	188416
942.13	0	photic stimulation	5	188426
942.185	0	photic stimulation	5	188437
942.235	0	photic stimulation	5	188447
942.29	0	photic stimulation	5	188458
942.34	0	photic stimulation	5	188468
942.395	0	photic stimulation	5	188479
942.445	0	photic stimulation	5	188489
942.5	0	photic stimulation	5	188500
942.55	0	photic stimulation	5	188510
942.605	0	photic stimulation	5	188521
942.655	0	photic stimulation	5	188531
942.71	0	photic stimulation	5	188542
942.76	0	photic stimulation	5	188552
942.815	0	photic stimulation	5	188563
942.865	0	photic stimulation	5	188573
942.92	0	photic stimulation	5	188584
942.97	0	photic stimulation	5	188594
943.025	0	photic stimulation	5	188605
943.075	0	photic stimulation	5	188615
943.13	0	photic stimulation	5	188626
943.18	0	photic stimulation	5	188636
943.235	0	photic stimulation	5	188647
943.285	0	photic stimulation	5	188657
943.34	0	photic stimulation	5	188668
943.39	0	photic stimulation	5	188678
943.445	0	photic stimulation	5	188689
943.495	0	photic stimulation	5	188699
943.55	0	photic stimulation	5	188710
943.6	0	photic stimulation	5	188720
943.655	0	photic stimulation	5	188731
943.705	0	photic stimulation	5	188741
943.76	0	photic stimulation	5	188752
943.81	0	photic stimulation	5	188762
943.865	0	photic stimulation	5	188773
943.915	0	photic stimulation	5	188783
943.97	0	photic stimulation	5	188794
944.02	0	photic stimulation	5	188804
944.075	0	photic stimulation	5	188815
944.125	0	photic stimulation	5	188825
944.18	0	photic stimulation	5	188836
944.23	0	photic stimulation	5	188846
944.285	0	photic stimulation	5	188857
944.335	0	photic stimulation	5	188867
944.39	0	photic stimulation	5	188878
944.44	0	photic stimulation	5	188888
944.495	0	photic stimulation	5	188899
944.545	0	photic stimulation	5	188909
944.6	0	photic stimulation	5	188920
944.65	0	photic stimulation	5	188930
944.705	0	photic stimulation	5	188941
944.755	0	photic stimulation	5	188951
944.81	0	photic stimulation	5	188962
944.86	0	photic stimulation	5	188972
944.915	0	photic stimulation	5	188983
944.965	0	photic stimulation	5	188993
945.02	0	photic stimulation	5	189004
945.07	0	photic stimulation	5	189014
945.125	0	photic stimulation	5	189025
945.175	0	photic stimulation	5	189035
945.23	0	photic stimulation	5	189046
945.28	0	photic stimulation	5	189056
945.335	0	photic stimulation	5	189067
945.385	0	photic stimulation	5	189077
945.44	0	photic stimulation	5	189088
945.49	0	photic stimulation	5	189098
945.545	0	photic stimulation	5	189109
945.595	0	photic stimulation	5	189119
945.65	0	photic stimulation	5	189130
945.7	0	photic stimulation	5	189140
945.755	0	photic stimulation	5	189151
945.805	0	photic stimulation	5	189161
945.86	0	photic stimulation	5	189172
945.91	0	photic stimulation	5	189182
945.965	0	photic stimulation	5	189193
946.015	0	photic stimulation	5	189203
946.07	0	photic stimulation	5	189214
946.12	0	photic stimulation	5	189224
946.175	0	photic stimulation	5	189235
946.225	0	photic stimulation	5	189245
946.28	0	photic stimulation	5	189256
946.33	0	photic stimulation	5	189266
946.385	0	photic stimulation	5	189277
946.435	0	photic stimulation	5	189287
946.49	0	photic stimulation	5	189298
946.54	0	photic stimulation	5	189308
946.595	0	photic stimulation	5	189319
946.645	0	photic stimulation	5	189329
946.7	0	photic stimulation	5	189340
946.75	0	photic stimulation	5	189350
946.805	0	photic stimulation	5	189361
946.855	0	photic stimulation	5	189371
946.91	0	photic stimulation	5	189382
946.96	0	photic stimulation	5	189392
947.015	0	photic stimulation	5	189403
947.065	0	photic stimulation	5	189413
947.12	0	photic stimulation	5	189424
947.17	0	photic stimulation	5	189434
947.225	0	photic stimulation	5	189445
947.275	0	photic stimulation	5	189455
947.33	0	photic stimulation	5	189466
947.38	0	photic stimulation	5	189476
947.435	0	photic stimulation	5	189487
947.485	0	photic stimulation	5	189497
947.54	0	photic stimulation	5	189508
947.59	0	photic stimulation	5	189518
947.645	0	photic stimulation	5	189529
947.695	0	photic stimulation	5	189539
947.75	0	photic stimulation	5	189550
947.8	0	photic stimulation	5	189560
947.855	0	photic stimulation	5	189571
947.905	0	photic stimulation	5	189581
947.96	0	photic stimulation	5	189592
948.01	0	photic stimulation	5	189602
948.065	0	photic stimulation	5	189613
948.115	0	photic stimulation	5	189623
948.17	0	photic stimulation	5	189634
948.22	0	photic stimulation	5	189644
948.275	0	photic stimulation	5	189655
948.325	0	photic stimulation	5	189665
948.38	0	photic stimulation	5	189676
948.43	0	photic stimulation	5	189686
948.485	0	photic stimulation	5	189697
948.535	0	photic stimulation	5	189707
948.59	0	photic stimulation	5	189718
948.64	0	photic stimulation	5	189728
948.695	0	photic stimulation	5	189739
948.745	0	photic stimulation	5	189749
948.8	0	photic stimulation	5	189760
948.85	0	photic stimulation	5	189770
948.905	0	photic stimulation	5	189781
948.955	0	photic stimulation	5	189791
949.01	0	photic stimulation	5	189802
949.06	0	photic stimulation	5	189812
949.115	0	photic stimulation	5	189823
949.165	0	photic stimulation	5	189833
949.22	0	photic stimulation	5	189844
949.27	0	photic stimulation	5	189854
949.325	0	photic stimulation	5	189865
949.375	0	photic stimulation	5	189875
949.43	0	photic stimulation	5	189886
949.48	0	photic stimulation	5	189896
949.535	0	photic stimulation	5	189907
949.585	0	photic stimulation	5	189917
949.64	0	photic stimulation	5	189928
949.69	0	photic stimulation	5	189938
949.745	0	photic stimulation	5	189949
949.795	0	photic stimulation	5	189959
949.85	0	photic stimulation	5	189970
949.9	0	photic stimulation	5	189980
949.955	0	photic stimulation	5	189991
950.005	0	photic stimulation	5	190001
950.06	0	photic stimulation	5	190012
950.11	0	photic stimulation	5	190022
950.165	0	photic stimulation	5	190033
950.215	0	photic stimulation	5	190043
950.27	0	photic stimulation	5	190054
950.32	0	photic stimulation	5	190064
950.375	0	photic stimulation	5	190075
950.425	0	photic stimulation	5	190085
950.48	0	photic stimulation	5	190096
950.53	0	photic stimulation	5	190106
950.585	0	photic stimulation	5	190117
950.635	0	photic stimulation	5	190127
950.69	0	photic stimulation	5	190138
950.74	0	photic stimulation	5	190148
950.795	0	photic stimulation	5	190159
950.845	0	photic stimulation	5	190169
950.9	0	photic stimulation	5	190180
950.95	0	photic stimulation	5	190190
951.005	0	photic stimulation	5	190201
951.055	0	photic stimulation	5	190211
951.11	0	photic stimulation	5	190222
951.16	0	photic stimulation	5	190232
951.215	0	photic stimulation	5	190243
951.265	0	photic stimulation	5	190253
951.32	0	photic stimulation	5	190264
951.345	0	photic stimulation	5	190269
956.39	0	photic stimulation	5	191278
956.44	0	photic stimulation	5	191288
956.485	0	photic stimulation	5	191297
956.535	0	photic stimulation	5	191307
956.58	0	photic stimulation	5	191316
956.63	0	photic stimulation	5	191326
956.675	0	photic stimulation	5	191335
956.725	0	photic stimulation	5	191345
956.77	0	photic stimulation	5	191354
956.82	0	photic stimulation	5	191364
956.865	0	photic stimulation	5	191373
956.915	0	photic stimulation	5	191383
956.96	0	photic stimulation	5	191392
957.01	0	photic stimulation	5	191402
957.055	0	photic stimulation	5	191411
957.105	0	photic stimulation	5	191421
957.15	0	photic stimulation	5	191430
957.2	0	photic stimulation	5	191440
957.245	0	photic stimulation	5	191449
957.295	0	photic stimulation	5	191459
957.34	0	photic stimulation	5	191468
957.39	0	photic stimulation	5	191478
957.435	0	photic stimulation	5	191487
957.485	0	photic stimulation	5	191497
957.53	0	photic stimulation	5	191506
957.58	0	photic stimulation	5	191516
957.625	0	photic stimulation	5	191525
957.675	0	photic stimulation	5	191535
957.72	0	photic stimulation	5	191544
957.77	0	photic stimulation	5	191554
957.815	0	photic stimulation	5	191563
957.865	0	photic stimulation	5	191573
957.91	0	photic stimulation	5	191582
957.96	0	photic stimulation	5	191592
958.005	0	photic stimulation	5	191601
958.055	0	photic stimulation	5	191611
958.1	0	photic stimulation	5	191620
958.15	0	photic stimulation	5	191630
958.195	0	photic stimulation	5	191639
958.245	0	photic stimulation	5	191649
958.29	0	photic stimulation	5	191658
958.34	0	photic stimulation	5	191668
958.385	0	photic stimulation	5	191677
958.435	0	photic stimulation	5	191687
958.48	0	photic stimulation	5	191696
958.53	0	photic stimulation	5	191706
958.575	0	photic stimulation	5	191715
958.625	0	photic stimulation	5	191725
958.67	0	photic stimulation	5	191734
958.72	0	photic stimulation	5	191744
958.765	0	photic stimulation	5	191753
958.815	0	photic stimulation	5	191763
958.86	0	photic stimulation	5	191772
958.91	0	photic stimulation	5	191782
958.955	0	photic stimulation	5	191791
959.005	0	photic stimulation	5	191801
959.05	0	photic stimulation	5	191810
959.1	0	photic stimulation	5	191820
959.145	0	photic stimulation	5	191829
959.195	0	photic stimulation	5	191839
959.24	0	photic stimulation	5	191848
959.29	0	photic stimulation	5	191858
959.335	0	photic stimulation	5	191867
959.385	0	photic stimulation	5	191877
959.43	0	photic stimulation	5	191886
959.48	0	photic stimulation	5	191896
959.525	0	photic stimulation	5	191905
959.575	0	photic stimulation	5	191915
959.62	0	photic stimulation	5	191924
959.67	0	photic stimulation	5	191934
959.715	0	photic stimulation	5	191943
959.765	0	photic stimulation	5	191953
959.81	0	photic stimulation	5	191962
959.86	0	photic stimulation	5	191972
959.905	0	photic stimulation	5	191981
959.955	0	photic stimulation	5	191991
960	0	photic stimulation	5	192000
960.05	0	photic stimulation	5	192010
960.095	0	photic stimulation	5	192019
960.145	0	photic stimulation	5	192029
960.19	0	photic stimulation	5	192038
960.24	0	photic stimulation	5	192048
960.285	0	photic stimulation	5	192057
960.335	0	photic stimulation	5	192067
960.38	0	photic stimulation	5	192076
960.43	0	photic stimulation	5	192086
960.475	0	photic stimulation	5	192095
960.525	0	photic stimulation	5	192105
960.57	0	photic stimulation	5	192114
960.62	0	photic stimulation	5	192124
960.665	0	photic stimulation	5	192133
960.715	0	photic stimulation	5	192143
960.76	0	photic stimulation	5	192152
960.81	0	photic stimulation	5	192162
960.855	0	photic stimulation	5	192171
960.905	0	photic stimulation	5	192181
960.95	0	photic stimulation	5	192190
961	0	photic stimulation	5	192200
961.045	0	photic stimulation	5	192209
961.095	0	photic stimulation	5	192219
961.14	0	photic stimulation	5	192228
961.19	0	photic stimulation	5	192238
961.235	0	photic stimulation	5	192247
961.285	0	photic stimulation	5	192257
961.33	0	photic stimulation	5	192266
961.38	0	photic stimulation	5	192276
961.425	0	photic stimulation	5	192285
961.475	0	photic stimulation	5	192295
961.52	0	photic stimulation	5	192304
961.57	0	photic stimulation	5	192314
961.615	0	photic stimulation	5	192323
961.665	0	photic stimulation	5	192333
961.71	0	photic stimulation	5	192342
961.76	0	photic stimulation	5	192352
961.805	0	photic stimulation	5	192361
961.855	0	photic stimulation	5	192371
961.9	0	photic stimulation	5	192380
961.95	0	photic stimulation	5	192390
961.995	0	photic stimulation	5	192399
962.045	0	photic stimulation	5	192409
962.09	0	photic stimulation	5	192418
962.14	0	photic stimulation	5	192428
962.185	0	photic stimulation	5	192437
962.235	0	photic stimulation	5	192447
962.28	0	photic stimulation	5	192456
962.33	0	photic stimulation	5	192466
962.375	0	photic stimulation	5	192475
962.425	0	photic stimulation	5	192485
962.47	0	photic stimulation	5	192494
962.52	0	photic stimulation	5	192504
962.565	0	photic stimulation	5	192513
962.615	0	photic stimulation	5	192523
962.66	0	photic stimulation	5	192532
962.71	0	photic stimulation	5	192542
962.755	0	photic stimulation	5	192551
962.805	0	photic stimulation	5	192561
962.85	0	photic stimulation	5	192570
962.9	0	photic stimulation	5	192580
962.945	0	photic stimulation	5	192589
962.995	0	photic stimulation	5	192599
963.04	0	photic stimulation	5	192608
963.09	0	photic stimulation	5	192618
963.135	0	photic stimulation	5	192627
963.185	0	photic stimulation	5	192637
963.23	0	photic stimulation	5	192646
963.28	0	photic stimulation	5	192656
963.325	0	photic stimulation	5	192665
963.375	0	photic stimulation	5	192675
963.42	0	photic stimulation	5	192684
963.47	0	photic stimulation	5	192694
963.515	0	photic stimulation	5	192703
963.565	0	photic stimulation	5	192713
963.61	0	photic stimulation	5	192722
963.66	0	photic stimulation	5	192732
963.705	0	photic stimulation	5	192741
963.755	0	photic stimulation	5	192751
963.8	0	photic stimulation	5	192760
963.85	0	photic stimulation	5	192770
963.895	0	photic stimulation	5	192779
963.945	0	photic stimulation	5	192789
963.99	0	photic stimulation	5	192798
964.04	0	photic stimulation	5	192808
964.085	0	photic stimulation	5	192817
964.135	0	photic stimulation	5	192827
964.18	0	photic stimulation	5	192836
964.23	0	photic stimulation	5	192846
964.275	0	photic stimulation	5	192855
964.325	0	photic stimulation	5	192865
964.37	0	photic stimulation	5	192874
964.42	0	photic stimulation	5	192884
964.465	0	photic stimulation	5	192893
964.515	0	photic stimulation	5	192903
964.56	0	photic stimulation	5	192912
964.61	0	photic stimulation	5	192922
964.655	0	photic stimulation	5	192931
964.705	0	photic stimulation	5	192941
964.75	0	photic stimulation	5	192950
964.8	0	photic stimulation	5	192960
964.845	0	photic stimulation	5	192969
964.895	0	photic stimulation	5	192979
964.94	0	photic stimulation	5	192988
964.99	0	photic stimulation	5	192998
965.035	0	photic stimulation	5	193007
965.085	0	photic stimulation	5	193017
965.13	0	photic stimulation	5	193026
965.18	0	photic stimulation	5	193036
965.225	0	photic stimulation	5	193045
965.275	0	photic stimulation	5	193055
965.32	0	photic stimulation	5	193064
965.37	0	photic stimulation	5	193074
965.415	0	photic stimulation	5	193083
965.465	0	photic stimulation	5	193093
965.51	0	photic stimulation	5	193102
965.56	0	photic stimulation	5	193112
965.605	0	photic stimulation	5	193121
965.655	0	photic stimulation	5	193131
965.7	0	photic stimulation	5	193140
965.75	0	photic stimulation	5	193150
965.795	0	photic stimulation	5	193159
965.845	0	photic stimulation	5	193169
965.89	0	photic stimulation	5	193178
965.94	0	photic stimulation	5	193188
965.985	0	photic stimulation	5	193197
966.035	0	photic stimulation	5	193207
966.08	0	photic stimulation	5	193216
966.13	0	photic stimulation	5	193226
966.175	0	photic stimulation	5	193235
966.225	0	photic stimulation	5	193245
966.27	0	photic stimulation	5	193254
966.32	0	photic stimulation	5	193264
966.345	0	photic stimulation	5	193269
971.385	0	photic stimulation	5	194277
971.43	0	photic stimulation	5	194286
971.475	0	photic stimulation	5	194295
971.52	0	photic stimulation	5	194304
971.56	0	photic stimulation	5	194312
971.605	0	photic stimulation	5	194321
971.65	0	photic stimulation	5	194330
971.69	0	photic stimulation	5	194338
971.735	0	photic stimulation	5	194347
971.78	0	photic stimulation	5	194356
971.825	0	photic stimulation	5	194365
971.865	0	photic stimulation	5	194373
971.91	0	photic stimulation	5	194382
971.955	0	photic stimulation	5	194391
971.995	0	photic stimulation	5	194399
972.04	0	photic stimulation	5	194408
972.085	0	photic stimulation	5	194417
972.13	0	photic stimulation	5	194426
972.17	0	photic stimulation	5	194434
972.215	0	photic stimulation	5	194443
972.26	0	photic stimulation	5	194452
972.305	0	photic stimulation	5	194461
972.345	0	photic stimulation	5	194469
972.39	0	photic stimulation	5	194478
972.435	0	photic stimulation	5	194487
972.475	0	photic stimulation	5	194495
972.52	0	photic stimulation	5	194504
972.565	0	photic stimulation	5	194513
972.61	0	photic stimulation	5	194522
972.65	0	photic stimulation	5	194530
972.695	0	photic stimulation	5	194539
972.74	0	photic stimulation	5	194548
972.78	0	photic stimulation	5	194556
972.825	0	photic stimulation	5	194565
972.87	0	photic stimulation	5	194574
972.915	0	photic stimulation	5	194583
972.955	0	photic stimulation	5	194591
973	0	photic stimulation	5	194600
973.045	0	photic stimulation	5	194609
973.09	0	photic stimulation	5	194618
973.13	0	photic stimulation	5	194626
973.175	0	photic stimulation	5	194635
973.22	0	photic stimulation	5	194644
973.26	0	photic stimulation	5	194652
973.305	0	photic stimulation	5	194661
973.35	0	photic stimulation	5	194670
973.395	0	photic stimulation	5	194679
973.435	0	photic stimulation	5	194687
973.48	0	photic stimulation	5	194696
973.525	0	photic stimulation	5	194705
973.565	0	photic stimulation	5	194713
973.61	0	photic stimulation	5	194722
973.655	0	photic stimulation	5	194731
973.7	0	photic stimulation	5	194740
973.74	0	photic stimulation	5	194748
973.785	0	photic stimulation	5	194757
973.83	0	photic stimulation	5	194766
973.875	0	photic stimulation	5	194775
973.915	0	photic stimulation	5	194783
973.96	0	photic stimulation	5	194792
974.005	0	photic stimulation	5	194801
974.045	0	photic stimulation	5	194809
974.09	0	photic stimulation	5	194818
974.135	0	photic stimulation	5	194827
974.18	0	photic stimulation	5	194836
974.22	0	photic stimulation	5	194844
974.265	0	photic stimulation	5	194853
974.31	0	photic stimulation	5	194862
974.35	0	photic stimulation	5	194870
974.395	0	photic stimulation	5	194879
974.44	0	photic stimulation	5	194888
974.485	0	photic stimulation	5	194897
974.525	0	photic stimulation	5	194905
974.57	0	photic stimulation	5	194914
974.615	0	photic stimulation	5	194923
974.66	0	photic stimulation	5	194932
974.7	0	photic stimulation	5	194940
974.745	0	photic stimulation	5	194949
974.79	0	photic stimulation	5	194958
974.83	0	photic stimulation	5	194966
974.875	0	photic stimulation	5	194975
974.92	0	photic stimulation	5	194984
974.965	0	photic stimulation	5	194993
975.005	0	photic stimulation	5	195001
975.05	0	photic stimulation	5	195010
975.095	0	photic stimulation	5	195019
975.135	0	photic stimulation	5	195027
975.18	0	photic stimulation	5	195036
975.225	0	photic stimulation	5	195045
975.27	0	photic stimulation	5	195054
975.31	0	photic stimulation	5	195062
975.355	0	photic stimulation	5	195071
975.4	0	photic stimulation	5	195080
975.445	0	photic stimulation	5	195089
975.485	0	photic stimulation	5	195097
975.53	0	photic stimulation	5	195106
975.575	0	photic stimulation	5	195115
975.615	0	photic stimulation	5	195123
975.66	0	photic stimulation	5	195132
975.705	0	photic stimulation	5	195141
975.75	0	photic stimulation	5	195150
975.79	0	photic stimulation	5	195158
975.835	0	photic stimulation	5	195167
975.88	0	photic stimulation	5	195176
975.92	0	photic stimulation	5	195184
975.965	0	photic stimulation	5	195193
976.01	0	photic stimulation	5	195202
976.055	0	photic stimulation	5	195211
976.095	0	photic stimulation	5	195219
976.14	0	photic stimulation	5	195228
976.185	0	photic stimulation	5	195237
976.23	0	photic stimulation	5	195246
976.27	0	photic stimulation	5	195254
976.315	0	photic stimulation	5	195263
976.36	0	photic stimulation	5	195272
976.4	0	photic stimulation	5	195280
976.445	0	photic stimulation	5	195289
976.49	0	photic stimulation	5	195298
976.535	0	photic stimulation	5	195307
976.575	0	photic stimulation	5	195315
976.62	0	photic stimulation	5	195324
976.665	0	photic stimulation	5	195333
976.705	0	photic stimulation	5	195341
976.75	0	photic stimulation	5	195350
976.795	0	photic stimulation	5	195359
976.84	0	photic stimulation	5	195368
976.88	0	photic stimulation	5	195376
976.925	0	photic stimulation	5	195385
976.97	0	photic stimulation	5	195394
977.015	0	photic stimulation	5	195403
977.055	0	photic stimulation	5	195411
977.1	0	photic stimulation	5	195420
977.145	0	photic stimulation	5	195429
977.185	0	photic stimulation	5	195437
977.23	0	photic stimulation	5	195446
977.275	0	photic stimulation	5	195455
977.32	0	photic stimulation	5	195464
977.36	0	photic stimulation	5	195472
977.405	0	photic stimulation	5	195481
977.45	0	photic stimulation	5	195490
977.49	0	photic stimulation	5	195498
977.535	0	photic stimulation	5	195507
977.58	0	photic stimulation	5	195516
977.625	0	photic stimulation	5	195525
977.665	0	photic stimulation	5	195533
977.71	0	photic stimulation	5	195542
977.755	0	photic stimulation	5	195551
977.8	0	photic stimulation	5	195560
977.84	0	photic stimulation	5	195568
977.885	0	photic stimulation	5	195577
977.93	0	photic stimulation	5	195586
977.97	0	photic stimulation	5	195594
978.015	0	photic stimulation	5	195603
978.06	0	photic stimulation	5	195612
978.105	0	photic stimulation	5	195621
978.145	0	photic stimulation	5	195629
978.19	0	photic stimulation	5	195638
978.235	0	photic stimulation	5	195647
978.275	0	photic stimulation	5	195655
978.32	0	photic stimulation	5	195664
978.365	0	photic stimulation	5	195673
978.41	0	photic stimulation	5	195682
978.45	0	photic stimulation	5	195690
978.495	0	photic stimulation	5	195699
978.54	0	photic stimulation	5	195708
978.585	0	photic stimulation	5	195717
978.625	0	photic stimulation	5	195725
978.67	0	photic stimulation	5	195734
978.715	0	photic stimulation	5	195743
978.755	0	photic stimulation	5	195751
978.8	0	photic stimulation	5	195760
978.845	0	photic stimulation	5	195769
978.89	0	photic stimulation	5	195778
978.93	0	photic stimulation	5	195786
978.975	0	photic stimulation	5	195795
979.02	0	photic stimulation	5	195804
979.06	0	photic stimulation	5	195812
979.105	0	photic stimulation	5	195821
979.15	0	photic stimulation	5	195830
979.195	0	photic stimulation	5	195839
979.235	0	photic stimulation	5	195847
979.28	0	photic stimulation	5	195856
979.325	0	photic stimulation	5	195865
979.37	0	photic stimulation	5	195874
979.41	0	photic stimulation	5	195882
979.455	0	photic stimulation	5	195891
979.5	0	photic stimulation	5	195900
979.54	0	photic stimulation	5	195908
979.585	0	photic stimulation	5	195917
979.63	0	photic stimulation	5	195926
979.675	0	photic stimulation	5	195935
979.715	0	photic stimulation	5	195943
979.76	0	photic stimulation	5	195952
979.805	0	photic stimulation	5	195961
979.845	0	photic stimulation	5	195969
979.89	0	photic stimulation	5	195978
979.935	0	photic stimulation	5	195987
979.98	0	photic stimulation	5	195996
980.02	0	photic stimulation	5	196004
980.065	0	photic stimulation	5	196013
980.11	0	photic stimulation	5	196022
980.155	0	photic stimulation	5	196031
980.195	0	photic stimulation	5	196039
980.24	0	photic stimulation	5	196048
980.285	0	photic stimulation	5	196057
980.325	0	photic stimulation	5	196065
980.37	0	photic stimulation	5	196074
980.415	0	photic stimulation	5	196083
980.46	0	photic stimulation	5	196092
980.5	0	photic stimulation	5	196100
980.545	0	photic stimulation	5	196109
980.59	0	photic stimulation	5	196118
980.63	0	photic stimulation	5	196126
980.675	0	photic stimulation	5	196135
980.72	0	photic stimulation	5	196144
980.765	0	photic stimulation	5	196153
980.805	0	photic stimulation	5	196161
980.85	0	photic stimulation	5	196170
980.895	0	photic stimulation	5	196179
980.94	0	photic stimulation	5	196188
980.98	0	photic stimulation	5	196196
981.025	0	photic stimulation	5	196205
981.07	0	photic stimulation	5	196214
981.11	0	photic stimulation	5	196222
981.155	0	photic stimulation	5	196231
981.2	0	photic stimulation	5	196240
981.245	0	photic stimulation	5	196249
981.285	0	photic stimulation	5	196257
981.33	0	photic stimulation	5	196266
981.345	0	photic stimulation	5	196269
986.385	0	photic stimulation	5	197277
986.425	0	photic stimulation	5	197285
986.465	0	photic stimulation	5	197293
986.505	0	photic stimulation	5	197301
986.545	0	photic stimulation	5	197309
986.585	0	photic stimulation	5	197317
986.625	0	photic stimulation	5	197325
986.665	0	photic stimulation	5	197333
986.705	0	photic stimulation	5	197341
986.745	0	photic stimulation	5	197349
986.785	0	photic stimulation	5	197357
986.825	0	photic stimulation	5	197365
986.865	0	photic stimulation	5	197373
986.905	0	photic stimulation	5	197381
986.945	0	photic stimulation	5	197389
986.985	0	photic stimulation	5	197397
987.025	0	photic stimulation	5	197405
987.065	0	photic stimulation	5	197413
987.105	0	photic stimulation	5	197421
987.145	0	photic stimulation	5	197429
987.185	0	photic stimulation	5	197437
987.225	0	photic stimulation	5	197445
987.265	0	photic stimulation	5	197453
987.305	0	photic stimulation	5	197461
987.345	0	photic stimulation	5	197469
987.385	0	photic stimulation	5	197477
987.425	0	photic stimulation	5	197485
987.465	0	photic stimulation	5	197493
987.505	0	photic stimulation	5	197501
987.545	0	photic stimulation	5	197509
987.585	0	photic stimulation	5	197517
987.625	0	photic stimulation	5	197525
987.665	0	photic stimulation	5	197533
987.705	0	photic stimulation	5	197541
987.745	0	photic stimulation	5	197549
987.785	0	photic stimulation	5	197557
987.825	0	photic stimulation	5	197565
987.865	0	photic stimulation	5	197573
987.905	0	photic stimulation	5	197581
987.945	0	photic stimulation	5	197589
987.985	0	photic stimulation	5	197597
988.025	0	photic stimulation	5	197605
988.065	0	photic stimulation	5	197613
988.105	0	photic stimulation	5	197621
988.145	0	photic stimulation	5	197629
988.185	0	photic stimulation	5	197637
988.225	0	photic stimulation	5	197645
988.265	0	photic stimulation	5	197653
988.305	0	photic stimulation	5	197661
988.345	0	photic stimulation	5	197669
988.385	0	photic stimulation	5	197677
988.425	0	photic stimulation	5	197685
988.465	0	photic stimulation	5	197693
988.505	0	photic stimulation	5	197701
988.545	0	photic stimulation	5	197709
988.585	0	photic stimulation	5	197717
988.625	0	photic stimulation	5	197725
988.665	0	photic stimulation	5	197733
988.705	0	photic stimulation	5	197741
988.745	0	photic stimulation	5	197749
988.785	0	photic stimulation	5	197757
988.825	0	photic stimulation	5	197765
988.865	0	photic stimulation	5	197773
988.905	0	photic stimulation	5	197781
988.945	0	photic stimulation	5	197789
988.985	0	photic stimulation	5	197797
989.025	0	photic stimulation	5	197805
989.065	0	photic stimulation	5	197813
989.105	0	photic stimulation	5	197821
989.145	0	photic stimulation	5	197829
989.185	0	photic stimulation	5	197837
989.225	0	photic stimulation	5	197845
989.265	0	photic stimulation	5	197853
989.305	0	photic stimulation	5	197861
989.345	0	photic stimulation	5	197869
989.385	0	photic stimulation	5	197877
989.425	0	photic stimulation	5	197885
989.465	0	photic stimulation	5	197893
989.505	0	photic stimulation	5	197901
989.545	0	photic stimulation	5	197909
989.585	0	photic stimulation	5	197917
989.625	0	photic stimulation	5	197925
989.665	0	photic stimulation	5	197933
989.705	0	photic stimulation	5	197941
989.745	0	photic stimulation	5	197949
989.785	0	photic stimulation	5	197957
989.825	0	photic stimulation	5	197965
989.865	0	photic stimulation	5	197973
989.905	0	photic stimulation	5	197981
989.945	0	photic stimulation	5	197989
989.985	0	photic stimulation	5	197997
990.025	0	photic stimulation	5	198005
990.065	0	photic stimulation	5	198013
990.105	0	photic stimulation	5	198021
990.145	0	photic stimulation	5	198029
990.185	0	photic stimulation	5	198037
990.225	0	photic stimulation	5	198045
990.265	0	photic stimulation	5	198053
990.305	0	photic stimulation	5	198061
990.345	0	photic stimulation	5	198069
990.385	0	photic stimulation	5	198077
990.425	0	photic stimulation	5	198085
990.465	0	photic stimulation	5	198093
990.505	0	photic stimulation	5	198101
990.545	0	photic stimulation	5	198109
990.585	0	photic stimulation	5	198117
990.625	0	photic stimulation	5	198125
990.665	0	photic stimulation	5	198133
990.705	0	photic stimulation	5	198141
990.745	0	photic stimulation	5	198149
990.785	0	photic stimulation	5	198157
990.825	0	photic stimulation	5	198165
990.865	0	photic stimulation	5	198173
990.905	0	photic stimulation	5	198181
990.945	0	photic stimulation	5	198189
990.985	0	photic stimulation	5	198197
991.025	0	photic stimulation	5	198205
991.065	0	photic stimulation	5	198213
991.105	0	photic stimulation	5	198221
991.145	0	photic stimulation	5	198229
991.185	0	photic stimulation	5	198237
991.225	0	photic stimulation	5	198245
991.265	0	photic stimulation	5	198253
991.305	0	photic stimulation	5	198261
991.345	0	photic stimulation	5	198269
991.385	0	photic stimulation	5	198277
991.425	0	photic stimulation	5	198285
991.465	0	photic stimulation	5	198293
991.505	0	photic stimulation	5	198301
991.545	0	photic stimulation	5	198309
991.585	0	photic stimulation	5	198317
991.625	0	photic stimulation	5	198325
991.665	0	photic stimulation	5	198333
991.705	0	photic stimulation	5	198341
991.745	0	photic stimulation	5	198349
991.785	0	photic stimulation	5	198357
991.825	0	photic stimulation	5	198365
991.865	0	photic stimulation	5	198373
991.905	0	photic stimulation	5	198381
991.945	0	photic stimulation	5	198389
991.985	0	photic stimulation	5	198397
992.025	0	photic stimulation	5	198405
992.065	0	photic stimulation	5	198413
992.105	0	photic stimulation	5	198421
992.145	0	photic stimulation	5	198429
992.185	0	photic stimulation	5	198437
992.225	0	photic stimulation	5	198445
992.265	0	photic stimulation	5	198453
992.305	0	photic stimulation	5	198461
992.345	0	photic stimulation	5	198469
992.385	0	photic stimulation	5	198477
992.425	0	photic stimulation	5	198485
992.465	0	photic stimulation	5	198493
992.505	0	photic stimulation	5	198501
992.545	0	photic stimulation	5	198509
992.585	0	photic stimulation	5	198517
992.625	0	photic stimulation	5	198525
992.665	0	photic stimulation	5	198533
992.705	0	photic stimulation	5	198541
992.745	0	photic stimulation	5	198549
992.785	0	photic stimulation	5	198557
992.825	0	photic stimulation	5	198565
992.865	0	photic stimulation	5	198573
992.905	0	photic stimulation	5	198581
992.945	0	photic stimulation	5	198589
992.985	0	photic stimulation	5	198597
993.025	0	photic stimulation	5	198605
993.065	0	photic stimulation	5	198613
993.105	0	photic stimulation	5	198621
993.145	0	photic stimulation	5	198629
993.185	0	photic stimulation	5	198637
993.225	0	photic stimulation	5	198645
993.265	0	photic stimulation	5	198653
993.305	0	photic stimulation	5	198661
993.345	0	photic stimulation	5	198669
993.385	0	photic stimulation	5	198677
993.425	0	photic stimulation	5	198685
993.465	0	photic stimulation	5	198693
993.505	0	photic stimulation	5	198701
993.545	0	photic stimulation	5	198709
993.585	0	photic stimulation	5	198717
993.625	0	photic stimulation	5	198725
993.665	0	photic stimulation	5	198733
993.705	0	photic stimulation	5	198741
993.745	0	photic stimulation	5	198749
993.785	0	photic stimulation	5	198757
993.825	0	photic stimulation	5	198765
993.865	0	photic stimulation	5	198773
993.905	0	photic stimulation	5	198781
993.945	0	photic stimulation	5	198789
993.985	0	photic stimulation	5	198797
994.025	0	photic stimulation	5	198805
994.065	0	photic stimulation	5	198813
994.105	0	photic stimulation	5	198821
994.145	0	photic stimulation	5	198829
994.185	0	photic stimulation	5	198837
994.225	0	photic stimulation	5	198845
994.265	0	photic stimulation	5	198853
994.305	0	photic stimulation	5	198861
994.345	0	photic stimulation	5	198869
994.385	0	photic stimulation	5	198877
994.425	0	photic stimulation	5	198885
994.465	0	photic stimulation	5	198893
994.505	0	photic stimulation	5	198901
994.545	0	photic stimulation	5	198909
994.585	0	photic stimulation	5	198917
994.625	0	photic stimulation	5	198925
994.665	0	photic stimulation	5	198933
994.705	0	photic stimulation	5	198941
994.745	0	photic stimulation	5	198949
994.785	0	photic stimulation	5	198957
994.825	0	photic stimulation	5	198965
994.865	0	photic stimulation	5	198973
994.905	0	photic stimulation	5	198981
994.945	0	photic stimulation	5	198989
994.985	0	photic stimulation	5	198997
995.025	0	photic stimulation	5	199005
995.065	0	photic stimulation	5	199013
995.105	0	photic stimulation	5	199021
995.145	0	photic stimulation	5	199029
995.185	0	photic stimulation	5	199037
995.225	0	photic stimulation	5	199045
995.265	0	photic stimulation	5	199053
995.305	0	photic stimulation	5	199061
995.345	0	photic stimulation	5	199069
995.385	0	photic stimulation	5	199077
995.425	0	photic stimulation	5	199085
995.465	0	photic stimulation	5	199093
995.505	0	photic stimulation	5	199101
995.545	0	photic stimulation	5	199109
995.585	0	photic stimulation	5	199117
995.625	0	photic stimulation	5	199125
995.665	0	photic stimulation	5	199133
995.705	0	photic stimulation	5	199141
995.745	0	photic stimulation	5	199149
995.785	0	photic stimulation	5	199157
995.825	0	photic stimulation	5	199165
995.865	0	photic stimulation	5	199173
995.905	0	photic stimulation	5	199181
995.945	0	photic stimulation	5	199189
995.985	0	photic stimulation	5	199197
996.025	0	photic stimulation	5	199205
996.065	0	photic stimulation	5	199213
996.105	0	photic stimulation	5	199221
996.145	0	photic stimulation	5	199229
996.185	0	photic stimulation	5	199237
996.225	0	photic stimulation	5	199245
996.265	0	photic stimulation	5	199253
996.305	0	photic stimulation	5	199261
996.345	0	photic stimulation	5	199269
1001.38	0	photic stimulation	5	200276
1001.415	0	photic stimulation	5	200283
1001.455	0	photic stimulation	5	200291
1001.49	0	photic stimulation	5	200298
1001.53	0	photic stimulation	5	200306
1001.565	0	photic stimulation	5	200313
1001.6	0	photic stimulation	5	200320
1001.64	0	photic stimulation	5	200328
1001.675	0	photic stimulation	5	200335
1001.715	0	photic stimulation	5	200343
1001.75	0	photic stimulation	5	200350
1001.785	0	photic stimulation	5	200357
1001.825	0	photic stimulation	5	200365
1001.86	0	photic stimulation	5	200372
1001.895	0	photic stimulation	5	200379
1001.935	0	photic stimulation	5	200387
1001.97	0	photic stimulation	5	200394
1002.01	0	photic stimulation	5	200402
1002.045	0	photic stimulation	5	200409
1002.08	0	photic stimulation	5	200416
1002.12	0	photic stimulation	5	200424
1002.155	0	photic stimulation	5	200431
1002.195	0	photic stimulation	5	200439
1002.23	0	photic stimulation	5	200446
1002.265	0	photic stimulation	5	200453
1002.305	0	photic stimulation	5	200461
1002.34	0	photic stimulation	5	200468
1002.38	0	photic stimulation	5	200476
1002.415	0	photic stimulation	5	200483
1002.45	0	photic stimulation	5	200490
1002.49	0	photic stimulation	5	200498
1002.525	0	photic stimulation	5	200505
1002.56	0	photic stimulation	5	200512
1002.6	0	photic stimulation	5	200520
1002.635	0	photic stimulation	5	200527
1002.675	0	photic stimulation	5	200535
1002.71	0	photic stimulation	5	200542
1002.745	0	photic stimulation	5	200549
1002.785	0	photic stimulation	5	200557
1002.82	0	photic stimulation	5	200564
1002.86	0	photic stimulation	5	200572
1002.895	0	photic stimulation	5	200579
1002.93	0	photic stimulation	5	200586
1002.97	0	photic stimulation	5	200594
1003.005	0	photic stimulation	5	200601
1003.045	0	photic stimulation	5	200609
1003.08	0	photic stimulation	5	200616
1003.115	0	photic stimulation	5	200623
1003.155	0	photic stimulation	5	200631
1003.19	0	photic stimulation	5	200638
1003.225	0	photic stimulation	5	200645
1003.265	0	photic stimulation	5	200653
1003.3	0	photic stimulation	5	200660
1003.34	0	photic stimulation	5	200668
1003.375	0	photic stimulation	5	200675
1003.41	0	photic stimulation	5	200682
1003.45	0	photic stimulation	5	200690
1003.485	0	photic stimulation	5	200697
1003.525	0	photic stimulation	5	200705
1003.56	0	photic stimulation	5	200712
1003.595	0	photic stimulation	5	200719
1003.635	0	photic stimulation	5	200727
1003.67	0	photic stimulation	5	200734
1003.71	0	photic stimulation	5	200742
1003.745	0	photic stimulation	5	200749
1003.78	0	photic stimulation	5	200756
1003.82	0	photic stimulation	5	200764
1003.855	0	photic stimulation	5	200771
1003.89	0	photic stimulation	5	200778
1003.93	0	photic stimulation	5	200786
1003.965	0	photic stimulation	5	200793
1004.005	0	photic stimulation	5	200801
1004.04	0	photic stimulation	5	200808
1004.075	0	photic stimulation	5	200815
1004.115	0	photic stimulation	5	200823
1004.15	0	photic stimulation	5	200830
1004.19	0	photic stimulation	5	200838
1004.225	0	photic stimulation	5	200845
1004.26	0	photic stimulation	5	200852
1004.3	0	photic stimulation	5	200860
1004.335	0	photic stimulation	5	200867
1004.375	0	photic stimulation	5	200875
1004.41	0	photic stimulation	5	200882
1004.445	0	photic stimulation	5	200889
1004.485	0	photic stimulation	5	200897
1004.52	0	photic stimulation	5	200904
1004.555	0	photic stimulation	5	200911
1004.595	0	photic stimulation	5	200919
1004.63	0	photic stimulation	5	200926
1004.67	0	photic stimulation	5	200934
1004.705	0	photic stimulation	5	200941
1004.74	0	photic stimulation	5	200948
1004.78	0	photic stimulation	5	200956
1004.815	0	photic stimulation	5	200963
1004.855	0	photic stimulation	5	200971
1004.89	0	photic stimulation	5	200978
1004.925	0	photic stimulation	5	200985
1004.965	0	photic stimulation	5	200993
1005	0	photic stimulation	5	201000
1005.04	0	photic stimulation	5	201008
1005.075	0	photic stimulation	5	201015
1005.11	0	photic stimulation	5	201022
1005.15	0	photic stimulation	5	201030
1005.185	0	photic stimulation	5	201037
1005.22	0	photic stimulation	5	201044
1005.26	0	photic stimulation	5	201052
1005.295	0	photic stimulation	5	201059
1005.335	0	photic stimulation	5	201067
1005.37	0	photic stimulation	5	201074
1005.405	0	photic stimulation	5	201081
1005.445	0	photic stimulation	5	201089
1005.48	0	photic stimulation	5	201096
1005.52	0	photic stimulation	5	201104
1005.555	0	photic stimulation	5	201111
1005.59	0	photic stimulation	5	201118
1005.63	0	photic stimulation	5	201126
1005.665	0	photic stimulation	5	201133
1005.705	0	photic stimulation	5	201141
1005.74	0	photic stimulation	5	201148
1005.775	0	photic stimulation	5	201155
1005.815	0	photic stimulation	5	201163
1005.85	0	photic stimulation	5	201170
1005.885	0	photic stimulation	5	201177
1005.925	0	photic stimulation	5	201185
1005.96	0	photic stimulation	5	201192
1006	0	photic stimulation	5	201200
1006.035	0	photic stimulation	5	201207
1006.07	0	photic stimulation	5	201214
1006.11	0	photic stimulation	5	201222
1006.145	0	photic stimulation	5	201229
1006.185	0	photic stimulation	5	201237
1006.22	0	photic stimulation	5	201244
1006.255	0	photic stimulation	5	201251
1006.295	0	photic stimulation	5	201259
1006.33	0	photic stimulation	5	201266
1006.37	0	photic stimulation	5	201274
1006.405	0	photic stimulation	5	201281
1006.44	0	photic stimulation	5	201288
1006.48	0	photic stimulation	5	201296
1006.515	0	photic stimulation	5	201303
1006.55	0	photic stimulation	5	201310
1006.59	0	photic stimulation	5	201318
1006.625	0	photic stimulation	5	201325
1006.665	0	photic stimulation	5	201333
1006.7	0	photic stimulation	5	201340
1006.735	0	photic stimulation	5	201347
1006.775	0	photic stimulation	5	201355
1006.81	0	photic stimulation	5	201362
1006.85	0	photic stimulation	5	201370
1006.885	0	photic stimulation	5	201377
1006.92	0	photic stimulation	5	201384
1006.96	0	photic stimulation	5	201392
1006.995	0	photic stimulation	5	201399
1007.035	0	photic stimulation	5	201407
1007.07	0	photic stimulation	5	201414
1007.105	0	photic stimulation	5	201421
1007.145	0	photic stimulation	5	201429
1007.18	0	photic stimulation	5	201436
1007.215	0	photic stimulation	5	201443
1007.255	0	photic stimulation	5	201451
1007.29	0	photic stimulation	5	201458
1007.33	0	photic stimulation	5	201466
1007.365	0	photic stimulation	5	201473
1007.4	0	photic stimulation	5	201480
1007.44	0	photic stimulation	5	201488
1007.475	0	photic stimulation	5	201495
1007.515	0	photic stimulation	5	201503
1007.55	0	photic stimulation	5	201510
1007.585	0	photic stimulation	5	201517
1007.625	0	photic stimulation	5	201525
1007.66	0	photic stimulation	5	201532
1007.7	0	photic stimulation	5	201540
1007.735	0	photic stimulation	5	201547
1007.77	0	photic stimulation	5	201554
1007.81	0	photic stimulation	5	201562
1007.845	0	photic stimulation	5	201569
1007.88	0	photic stimulation	5	201576
1007.92	0	photic stimulation	5	201584
1007.955	0	photic stimulation	5	201591
1007.995	0	photic stimulation	5	201599
1008.03	0	photic stimulation	5	201606
1008.065	0	photic stimulation	5	201613
1008.105	0	photic stimulation	5	201621
1008.14	0	photic stimulation	5	201628
1008.18	0	photic stimulation	5	201636
1008.215	0	photic stimulation	5	201643
1008.25	0	photic stimulation	5	201650
1008.29	0	photic stimulation	5	201658
1008.325	0	photic stimulation	5	201665
1008.365	0	photic stimulation	5	201673
1008.4	0	photic stimulation	5	201680
1008.435	0	photic stimulation	5	201687
1008.475	0	photic stimulation	5	201695
1008.51	0	photic stimulation	5	201702
1008.545	0	photic stimulation	5	201709
1008.585	0	photic stimulation	5	201717
1008.62	0	photic stimulation	5	201724
1008.66	0	photic stimulation	5	201732
1008.695	0	photic stimulation	5	201739
1008.73	0	photic stimulation	5	201746
1008.77	0	photic stimulation	5	201754
1008.805	0	photic stimulation	5	201761
1008.845	0	photic stimulation	5	201769
1008.88	0	photic stimulation	5	201776
1008.915	0	photic stimulation	5	201783
1008.955	0	photic stimulation	5	201791
1008.99	0	photic stimulation	5	201798
1009.03	0	photic stimulation	5	201806
1009.065	0	photic stimulation	5	201813
1009.1	0	photic stimulation	5	201820
1009.14	0	photic stimulation	5	201828
1009.175	0	photic stimulation	5	201835
1009.21	0	photic stimulation	5	201842
1009.25	0	photic stimulation	5	201850
1009.285	0	photic stimulation	5	201857
1009.325	0	photic stimulation	5	201865
1009.36	0	photic stimulation	5	201872
1009.395	0	photic stimulation	5	201879
1009.435	0	photic stimulation	5	201887
1009.47	0	photic stimulation	5	201894
1009.51	0	photic stimulation	5	201902
1009.545	0	photic stimulation	5	201909
1009.58	0	photic stimulation	5	201916
1009.62	0	photic stimulation	5	201924
1009.655	0	photic stimulation	5	201931
1009.695	0	photic stimulation	5	201939
1009.73	0	photic stimulation	5	201946
1009.765	0	photic stimulation	5	201953
1009.805	0	photic stimulation	5	201961
1009.84	0	photic stimulation	5	201968
1009.875	0	photic stimulation	5	201975
1009.915	0	photic stimulation	5	201983
1009.95	0	photic stimulation	5	201990
1009.99	0	photic stimulation	5	201998
1010.025	0	photic stimulation	5	202005
1010.06	0	photic stimulation	5	202012
1010.1	0	photic stimulation	5	202020
1010.135	0	photic stimulation	5	202027
1010.175	0	photic stimulation	5	202035
1010.21	0	photic stimulation	5	202042
1010.245	0	photic stimulation	5	202049
1010.285	0	photic stimulation	5	202057
1010.32	0	photic stimulation	5	202064
1010.36	0	photic stimulation	5	202072
1010.395	0	photic stimulation	5	202079
1010.43	0	photic stimulation	5	202086
1010.47	0	photic stimulation	5	202094
1010.505	0	photic stimulation	5	202101
1010.54	0	photic stimulation	5	202108
1010.58	0	photic stimulation	5	202116
1010.615	0	photic stimulation	5	202123
1010.655	0	photic stimulation	5	202131
1010.69	0	photic stimulation	5	202138
1010.725	0	photic stimulation	5	202145
1010.765	0	photic stimulation	5	202153
1010.8	0	photic stimulation	5	202160
1010.84	0	photic stimulation	5	202168
1010.875	0	photic stimulation	5	202175
1010.91	0	photic stimulation	5	202182
1010.95	0	photic stimulation	5	202190
1010.985	0	photic stimulation	5	202197
1011.025	0	photic stimulation	5	202205
1011.06	0	photic stimulation	5	202212
1011.095	0	photic stimulation	5	202219
1011.135	0	photic stimulation	5	202227
1011.17	0	photic stimulation	5	202234
1011.205	0	photic stimulation	5	202241
1011.245	0	photic stimulation	5	202249
1011.28	0	photic stimulation	5	202256
1011.32	0	photic stimulation	5	202264
1011.345	0	photic stimulation	5	202269
1016.38	0	photic stimulation	5	203276
1016.41	0	photic stimulation	5	203282
1016.445	0	photic stimulation	5	203289
1016.48	0	photic stimulation	5	203296
1016.515	0	photic stimulation	5	203303
1016.55	0	photic stimulation	5	203310
1016.585	0	photic stimulation	5	203317
1016.62	0	photic stimulation	5	203324
1016.655	0	photic stimulation	5	203331
1016.69	0	photic stimulation	5	203338
1016.72	0	photic stimulation	5	203344
1016.755	0	photic stimulation	5	203351
1016.79	0	photic stimulation	5	203358
1016.825	0	photic stimulation	5	203365
1016.86	0	photic stimulation	5	203372
1016.895	0	photic stimulation	5	203379
1016.93	0	photic stimulation	5	203386
1016.965	0	photic stimulation	5	203393
1017	0	photic stimulation	5	203400
1017.03	0	photic stimulation	5	203406
1017.065	0	photic stimulation	5	203413
1017.1	0	photic stimulation	5	203420
1017.135	0	photic stimulation	5	203427
1017.17	0	photic stimulation	5	203434
1017.205	0	photic stimulation	5	203441
1017.24	0	photic stimulation	5	203448
1017.275	0	photic stimulation	5	203455
1017.31	0	photic stimulation	5	203462
1017.34	0	photic stimulation	5	203468
1017.375	0	photic stimulation	5	203475
1017.41	0	photic stimulation	5	203482
1017.445	0	photic stimulation	5	203489
1017.48	0	photic stimulation	5	203496
1017.515	0	photic stimulation	5	203503
1017.55	0	photic stimulation	5	203510
1017.585	0	photic stimulation	5	203517
1017.62	0	photic stimulation	5	203524
1017.65	0	photic stimulation	5	203530
1017.685	0	photic stimulation	5	203537
1017.72	0	photic stimulation	5	203544
1017.755	0	photic stimulation	5	203551
1017.79	0	photic stimulation	5	203558
1017.825	0	photic stimulation	5	203565
1017.86	0	photic stimulation	5	203572
1017.895	0	photic stimulation	5	203579
1017.93	0	photic stimulation	5	203586
1017.96	0	photic stimulation	5	203592
1017.995	0	photic stimulation	5	203599
1018.03	0	photic stimulation	5	203606
1018.065	0	photic stimulation	5	203613
1018.1	0	photic stimulation	5	203620
1018.135	0	photic stimulation	5	203627
1018.17	0	photic stimulation	5	203634
1018.205	0	photic stimulation	5	203641
1018.24	0	photic stimulation	5	203648
1018.27	0	photic stimulation	5	203654
1018.305	0	photic stimulation	5	203661
1018.34	0	photic stimulation	5	203668
1018.375	0	photic stimulation	5	203675
1018.41	0	photic stimulation	5	203682
1018.445	0	photic stimulation	5	203689
1018.48	0	photic stimulation	5	203696
1018.515	0	photic stimulation	5	203703
1018.55	0	photic stimulation	5	203710
1018.58	0	photic stimulation	5	203716
1018.615	0	photic stimulation	5	203723
1018.65	0	photic stimulation	5	203730
1018.685	0	photic stimulation	5	203737
1018.72	0	photic stimulation	5	203744
1018.755	0	photic stimulation	5	203751
1018.79	0	photic stimulation	5	203758
1018.825	0	photic stimulation	5	203765
1018.86	0	photic stimulation	5	203772
1018.89	0	photic stimulation	5	203778
1018.925	0	photic stimulation	5	203785
1018.96	0	photic stimulation	5	203792
1018.995	0	photic stimulation	5	203799
1019.03	0	photic stimulation	5	203806
1019.065	0	photic stimulation	5	203813
1019.1	0	photic stimulation	5	203820
1019.135	0	photic stimulation	5	203827
1019.17	0	photic stimulation	5	203834
1019.2	0	photic stimulation	5	203840
1019.235	0	photic stimulation	5	203847
1019.27	0	photic stimulation	5	203854
1019.305	0	photic stimulation	5	203861
1019.34	0	photic stimulation	5	203868
1019.375	0	photic stimulation	5	203875
1019.41	0	photic stimulation	5	203882
1019.445	0	photic stimulation	5	203889
1019.48	0	photic stimulation	5	203896
1019.51	0	photic stimulation	5	203902
1019.545	0	photic stimulation	5	203909
1019.58	0	photic stimulation	5	203916
1019.615	0	photic stimulation	5	203923
1019.65	0	photic stimulation	5	203930
1019.685	0	photic stimulation	5	203937
1019.72	0	photic stimulation	5	203944
1019.755	0	photic stimulation	5	203951
1019.79	0	photic stimulation	5	203958
1019.82	0	photic stimulation	5	203964
1019.855	0	photic stimulation	5	203971
1019.89	0	photic stimulation	5	203978
1019.925	0	photic stimulation	5	203985
1019.96	0	photic stimulation	5	203992
1019.995	0	photic stimulation	5	203999
1020.03	0	photic stimulation	5	204006
1020.065	0	photic stimulation	5	204013
1020.1	0	photic stimulation	5	204020
1020.13	0	photic stimulation	5	204026
1020.165	0	photic stimulation	5	204033
1020.2	0	photic stimulation	5	204040
1020.235	0	photic stimulation	5	204047
1020.27	0	photic stimulation	5	204054
1020.305	0	photic stimulation	5	204061
1020.34	0	photic stimulation	5	204068
1020.375	0	photic stimulation	5	204075
1020.41	0	photic stimulation	5	204082
1020.44	0	photic stimulation	5	204088
1020.475	0	photic stimulation	5	204095
1020.51	0	photic stimulation	5	204102
1020.545	0	photic stimulation	5	204109
1020.58	0	photic stimulation	5	204116
1020.615	0	photic stimulation	5	204123
1020.65	0	photic stimulation	5	204130
1020.685	0	photic stimulation	5	204137
1020.72	0	photic stimulation	5	204144
1020.75	0	photic stimulation	5	204150
1020.785	0	photic stimulation	5	204157
1020.82	0	photic stimulation	5	204164
1020.855	0	photic stimulation	5	204171
1020.89	0	photic stimulation	5	204178
1020.925	0	photic stimulation	5	204185
1020.96	0	photic stimulation	5	204192
1020.995	0	photic stimulation	5	204199
1021.03	0	photic stimulation	5	204206
1021.06	0	photic stimulation	5	204212
1021.095	0	photic stimulation	5	204219
1021.13	0	photic stimulation	5	204226
1021.165	0	photic stimulation	5	204233
1021.2	0	photic stimulation	5	204240
1021.235	0	photic stimulation	5	204247
1021.27	0	photic stimulation	5	204254
1021.305	0	photic stimulation	5	204261
1021.34	0	photic stimulation	5	204268
1021.37	0	photic stimulation	5	204274
1021.405	0	photic stimulation	5	204281
1021.44	0	photic stimulation	5	204288
1021.475	0	photic stimulation	5	204295
1021.51	0	photic stimulation	5	204302
1021.545	0	photic stimulation	5	204309
1021.58	0	photic stimulation	5	204316
1021.615	0	photic stimulation	5	204323
1021.65	0	photic stimulation	5	204330
1021.68	0	photic stimulation	5	204336
1021.715	0	photic stimulation	5	204343
1021.75	0	photic stimulation	5	204350
1021.785	0	photic stimulation	5	204357
1021.82	0	photic stimulation	5	204364
1021.855	0	photic stimulation	5	204371
1021.89	0	photic stimulation	5	204378
1021.925	0	photic stimulation	5	204385
1021.96	0	photic stimulation	5	204392
1021.99	0	photic stimulation	5	204398
1022.025	0	photic stimulation	5	204405
1022.06	0	photic stimulation	5	204412
1022.095	0	photic stimulation	5	204419
1022.13	0	photic stimulation	5	204426
1022.165	0	photic stimulation	5	204433
1022.2	0	photic stimulation	5	204440
1022.235	0	photic stimulation	5	204447
1022.27	0	photic stimulation	5	204454
1022.3	0	photic stimulation	5	204460
1022.335	0	photic stimulation	5	204467
1022.37	0	photic stimulation	5	204474
1022.405	0	photic stimulation	5	204481
1022.44	0	photic stimulation	5	204488
1022.475	0	photic stimulation	5	204495
1022.51	0	photic stimulation	5	204502
1022.545	0	photic stimulation	5	204509
1022.58	0	photic stimulation	5	204516
1022.61	0	photic stimulation	5	204522
1022.645	0	photic stimulation	5	204529
1022.68	0	photic stimulation	5	204536
1022.715	0	photic stimulation	5	204543
1022.75	0	photic stimulation	5	204550
1022.785	0	photic stimulation	5	204557
1022.82	0	photic stimulation	5	204564
1022.855	0	photic stimulation	5	204571
1022.89	0	photic stimulation	5	204578
1022.92	0	photic stimulation	5	204584
1022.955	0	photic stimulation	5	204591
1022.99	0	photic stimulation	5	204598
1023.025	0	photic stimulation	5	204605
1023.06	0	photic stimulation	5	204612
1023.095	0	photic stimulation	5	204619
1023.13	0	photic stimulation	5	204626
1023.165	0	photic stimulation	5	204633
1023.2	0	photic stimulation	5	204640
1023.23	0	photic stimulation	5	204646
1023.265	0	photic stimulation	5	204653
1023.3	0	photic stimulation	5	204660
1023.335	0	photic stimulation	5	204667
1023.37	0	photic stimulation	5	204674
1023.405	0	photic stimulation	5	204681
1023.44	0	photic stimulation	5	204688
1023.475	0	photic stimulation	5	204695
1023.51	0	photic stimulation	5	204702
1023.54	0	photic stimulation	5	204708
1023.575	0	photic stimulation	5	204715
1023.61	0	photic stimulation	5	204722
1023.645	0	photic stimulation	5	204729
1023.68	0	photic stimulation	5	204736
1023.715	0	photic stimulation	5	204743
1023.75	0	photic stimulation	5	204750
1023.785	0	photic stimulation	5	204757
1023.82	0	photic stimulation	5	204764
1023.85	0	photic stimulation	5	204770
1023.885	0	photic stimulation	5	204777
1023.92	0	photic stimulation	5	204784
1023.955	0	photic stimulation	5	204791
1023.99	0	photic stimulation	5	204798
1024.025	0	photic stimulation	5	204805
1024.06	0	photic stimulation	5	204812
1024.095	0	photic stimulation	5	204819
1024.13	0	photic stimulation	5	204826
1024.16	0	photic stimulation	5	204832
1024.195	0	photic stimulation	5	204839
1024.23	0	photic stimulation	5	204846
1024.265	0	photic stimulation	5	204853
1024.3	0	photic stimulation	5	204860
1024.335	0	photic stimulation	5	204867
1024.37	0	photic stimulation	5	204874
1024.405	0	photic stimulation	5	204881
1024.44	0	photic stimulation	5	204888
1024.47	0	photic stimulation	5	204894
1024.505	0	photic stimulation	5	204901
1024.54	0	photic stimulation	5	204908
1024.575	0	photic stimulation	5	204915
1024.61	0	photic stimulation	5	204922
1024.645	0	photic stimulation	5	204929
1024.68	0	photic stimulation	5	204936
1024.715	0	photic stimulation	5	204943
1024.75	0	photic stimulation	5	204950
1024.78	0	photic stimulation	5	204956
1024.815	0	photic stimulation	5	204963
1024.85	0	photic stimulation	5	204970
1024.885	0	photic stimulation	5	204977
1024.92	0	photic stimulation	5	204984
1024.955	0	photic stimulation	5	204991
1024.99	0	photic stimulation	5	204998
1025.025	0	photic stimulation	5	205005
1025.06	0	photic stimulation	5	205012
1025.09	0	photic stimulation	5	205018
1025.125	0	photic stimulation	5	205025
1025.16	0	photic stimulation	5	205032
1025.195	0	photic stimulation	5	205039
1025.23	0	photic stimulation	5	205046
1025.265	0	photic stimulation	5	205053
1025.3	0	photic stimulation	5	205060
1025.335	0	photic stimulation	5	205067
1025.37	0	photic stimulation	5	205074
1025.4	0	photic stimulation	5	205080
1025.435	0	photic stimulation	5	205087
1025.47	0	photic stimulation	5	205094
1025.505	0	photic stimulation	5	205101
1025.54	0	photic stimulation	5	205108
1025.575	0	photic stimulation	5	205115
1025.61	0	photic stimulation	5	205122
1025.645	0	photic stimulation	5	205129
1025.68	0	photic stimulation	5	205136
1025.71	0	photic stimulation	5	205142
1025.745	0	photic stimulation	5	205149
1025.78	0	photic stimulation	5	205156
1025.815	0	photic stimulation	5	205163
1025.85	0	photic stimulation	5	205170
1025.885	0	photic stimulation	5	205177
1025.92	0	photic stimulation	5	205184
1025.955	0	photic stimulation	5	205191
1025.99	0	photic stimulation	5	205198
1026.02	0	photic stimulation	5	205204
1026.055	0	photic stimulation	5	205211
1026.09	0	photic stimulation	5	205218
1026.125	0	photic stimulation	5	205225
1026.16	0	photic stimulation	5	205232
1026.195	0	photic stimulation	5	205239
1026.23	0	photic stimulation	5	205246
1026.265	0	photic stimulation	5	205253
1026.3	0	photic stimulation	5	205260
1026.33	0	photic stimulation	5	205266
1026.345	0	photic stimulation	5	205269
1065.66	0	recuperacion	70	213132
